flg22_seq,count,clust1,clust2,clust3,tabaci_ident,auriginosa_ident,Rhizo,Caulo,Sphingo,Beta,Gamma,Bacilli,Actino,other,operon,Arab,Poplar,Maize,Root,Shoot,Soil,T3SS,Rhizo,Caulo,Sphingo,Beta,Gamma,Bacilli,Actino
DRVSSGYKVSKASDNVAYWSIS,2,0,0,2,40.91,31.82,2,0,0,0,0,0,0,0,2,2,0,0,0,2,0,0,"rgb(148, 238, 233)","rgb(255,255,255)","rgb(255,255,255)","rgb(255,255,255)","rgb(255,255,255)","rgb(255,255,255)","rgb(255,255,255)"
RQVTTGLRVEKASDNGAYWAIS,2,0,0,2,27.27,31.82,2,0,0,0,0,0,0,0,0,2,0,0,2,0,0,0,"rgb(148, 238, 233)","rgb(255,255,255)","rgb(255,255,255)","rgb(255,255,255)","rgb(255,255,255)","rgb(255,255,255)","rgb(255,255,255)"
QRVATGLRVSSASDGAAYWAIA,1,0,0,1,45.45,54.55,1,0,0,0,0,0,0,0,0,1,0,0,0,1,0,0,"rgb(148, 238, 233)","rgb(255,255,255)","rgb(255,255,255)","rgb(255,255,255)","rgb(255,255,255)","rgb(255,255,255)","rgb(255,255,255)"
DRISSGYRVQTAADNAAYWSIA,5,0,0,5,45.45,45.45,5,0,0,0,0,0,0,0,0,5,0,0,5,0,0,0,"rgb(148, 238, 233)","rgb(255,255,255)","rgb(255,255,255)","rgb(255,255,255)","rgb(255,255,255)","rgb(255,255,255)","rgb(255,255,255)"
EKLSSGQRINRAADDAAGLAIS,1,0,1,0,63.64,63.64,0,0,0,0,0,0,1,0,0,1,0,0,0,1,0,0,"rgb(255,255,255)","rgb(255,255,255)","rgb(255,255,255)","rgb(255,255,255)","rgb(255,255,255)","rgb(255,255,255)",Purple
RRVSSGYRVETASDNAGYWSIA,2,0,0,2,40.91,40.91,2,0,0,0,0,0,0,0,2,2,0,0,2,0,0,0,"rgb(148, 238, 233)","rgb(255,255,255)","rgb(255,255,255)","rgb(255,255,255)","rgb(255,255,255)","rgb(255,255,255)","rgb(255,255,255)"
EKLSSGLRINNAADDAAGLAIS,1,0,1,0,68.18,63.64,0,0,0,0,0,1,0,0,0,1,0,0,1,0,0,0,"rgb(255,255,255)","rgb(255,255,255)","rgb(255,255,255)","rgb(255,255,255)","rgb(255,255,255)",Green,"rgb(255,255,255)"
DRVSSGQRVGEASDNAAYWSIA,3,0,0,3,45.45,45.45,3,0,0,0,0,0,0,0,3,3,0,0,3,0,0,0,"rgb(148, 238, 233)","rgb(255,255,255)","rgb(255,255,255)","rgb(255,255,255)","rgb(255,255,255)","rgb(255,255,255)","rgb(255,255,255)"
EKLSSGQRINNAADDAAGLAIS,3,0,3,0,63.64,63.64,1,0,0,0,0,2,0,0,0,3,0,0,2,0,1,0,"rgb(148, 238, 233)","rgb(255,255,255)","rgb(255,255,255)","rgb(255,255,255)","rgb(255,255,255)",Green,"rgb(255,255,255)"
QRLGTGFRINSAADDAAGLQIA,1,1,0,0,72.73,86.36,0,0,0,0,1,0,0,0,0,1,0,0,0,1,0,0,"rgb(255,255,255)","rgb(255,255,255)","rgb(255,255,255)","rgb(255,255,255)",Red,"rgb(255,255,255)","rgb(255,255,255)"
NRISTGLRISEASDNASYWSIA,2,0,0,2,45.45,50,2,0,0,0,0,0,0,0,0,2,0,0,2,0,0,0,"rgb(148, 238, 233)","rgb(255,255,255)","rgb(255,255,255)","rgb(255,255,255)","rgb(255,255,255)","rgb(255,255,255)","rgb(255,255,255)"
QRLSSGLRINSAKDDAAGLAIA,2,2,0,0,86.36,86.36,0,0,0,2,0,0,0,0,2,2,0,0,2,0,0,0,"rgb(255,255,255)","rgb(255,255,255)","rgb(255,255,255)","rgb(223, 225, 32)","rgb(255,255,255)","rgb(255,255,255)","rgb(255,255,255)"
SRISTGYRVSEAADNAAYWSIA,1,0,0,1,40.91,50,1,0,0,0,0,0,0,0,1,1,0,0,1,0,0,0,"rgb(148, 238, 233)","rgb(255,255,255)","rgb(255,255,255)","rgb(255,255,255)","rgb(255,255,255)","rgb(255,255,255)","rgb(255,255,255)"
QRLSSGLRVNSAKDDAAGLAIS,8,8,0,0,77.27,77.27,0,0,0,8,0,0,0,0,8,8,0,0,5,3,0,5,"rgb(255,255,255)","rgb(255,255,255)","rgb(255,255,255)","rgb(223, 225, 32)","rgb(255,255,255)","rgb(255,255,255)","rgb(255,255,255)"
QRLSSGLRVNSAKDDAAGMSIA,1,1,0,0,77.27,77.27,0,0,0,1,0,0,0,0,0,1,0,0,0,1,0,0,"rgb(255,255,255)","rgb(255,255,255)","rgb(255,255,255)","rgb(223, 225, 32)","rgb(255,255,255)","rgb(255,255,255)","rgb(255,255,255)"
NVMTTGMRISEAADNAAYWSIA,3,0,0,3,36.36,45.45,3,0,0,0,0,0,0,0,0,3,0,0,0,3,0,0,"rgb(148, 238, 233)","rgb(255,255,255)","rgb(255,255,255)","rgb(255,255,255)","rgb(255,255,255)","rgb(255,255,255)","rgb(255,255,255)"
SRINTGLKVASTKDDSASYTIA,1,0,0,1,50,45.45,0,0,1,0,0,0,0,0,0,1,0,0,1,0,0,0,"rgb(255,255,255)","rgb(255,255,255)","rgb(76, 125, 190)","rgb(255,255,255)","rgb(255,255,255)","rgb(255,255,255)","rgb(255,255,255)"
QRINTGKKVGTAKDNGAIWAMA,1,0,0,1,36.36,40.91,0,1,0,0,0,0,0,0,0,1,0,0,1,0,0,0,"rgb(255,255,255)",Blue,"rgb(255,255,255)","rgb(255,255,255)","rgb(255,255,255)","rgb(255,255,255)","rgb(255,255,255)"
NRVSTGMKVAVAADNAAYWSIA,1,0,0,1,45.45,45.45,1,0,0,0,0,0,0,0,0,1,0,0,1,0,0,0,"rgb(148, 238, 233)","rgb(255,255,255)","rgb(255,255,255)","rgb(255,255,255)","rgb(255,255,255)","rgb(255,255,255)","rgb(255,255,255)"
ARISTGYRVSQASDNAAYWSIA,5,0,0,5,40.91,50,5,0,0,0,0,0,0,0,5,5,0,0,5,0,0,0,"rgb(148, 238, 233)","rgb(255,255,255)","rgb(255,255,255)","rgb(255,255,255)","rgb(255,255,255)","rgb(255,255,255)","rgb(255,255,255)"
TRLGTGLRINSAKDDAAGLQIA,2,2,0,0,86.36,86.36,0,0,0,2,0,0,0,0,0,2,0,0,2,0,0,0,"rgb(255,255,255)","rgb(255,255,255)","rgb(255,255,255)","rgb(223, 225, 32)","rgb(255,255,255)","rgb(255,255,255)","rgb(255,255,255)"
RRISTGLKIASAKDNPAIWAIA,1,0,0,1,59.09,54.55,0,1,0,0,0,0,0,0,0,1,0,0,1,0,0,0,"rgb(255,255,255)",Blue,"rgb(255,255,255)","rgb(255,255,255)","rgb(255,255,255)","rgb(255,255,255)","rgb(255,255,255)"
EKLSSGLRINRAADDASGLTIS,1,0,1,0,63.64,59.09,0,0,0,0,0,0,1,0,0,1,0,0,0,1,0,0,"rgb(255,255,255)","rgb(255,255,255)","rgb(255,255,255)","rgb(255,255,255)","rgb(255,255,255)","rgb(255,255,255)",Purple
GQLNSGLRIQTAADNAAYWSIS,5,0,0,5,45.45,40.91,5,0,0,0,0,0,0,0,0,5,0,0,5,0,0,0,"rgb(148, 238, 233)","rgb(255,255,255)","rgb(255,255,255)","rgb(255,255,255)","rgb(255,255,255)","rgb(255,255,255)","rgb(255,255,255)"
ARLSSGNRINSAKDDAAGLAIS,2,2,0,0,77.27,77.27,0,0,0,0,2,0,0,0,0,2,0,0,2,0,0,0,"rgb(255,255,255)","rgb(255,255,255)","rgb(255,255,255)","rgb(255,255,255)",Red,"rgb(255,255,255)","rgb(255,255,255)"
EKLSSGFRINRAADDAAGLAIS,17,0,17,0,63.64,63.64,0,0,0,0,0,1,16,0,0,17,0,0,11,5,1,0,"rgb(255,255,255)","rgb(255,255,255)","rgb(255,255,255)","rgb(255,255,255)","rgb(255,255,255)",Green,Purple
GRVSSGLKVGVAADNAAYWSIA,4,0,0,4,54.55,40.91,4,0,0,0,0,0,0,0,2,4,0,0,0,4,0,0,"rgb(148, 238, 233)","rgb(255,255,255)","rgb(255,255,255)","rgb(255,255,255)","rgb(255,255,255)","rgb(255,255,255)","rgb(255,255,255)"
SRVSSGYRVAEAKDNAAYWSIA,3,0,0,3,50,50,3,0,0,0,0,0,0,0,1,3,0,0,3,0,0,0,"rgb(148, 238, 233)","rgb(255,255,255)","rgb(255,255,255)","rgb(255,255,255)","rgb(255,255,255)","rgb(255,255,255)","rgb(255,255,255)"
NRISSGYRVETAADNAAYWSIA,5,0,0,5,45.45,45.45,5,0,0,0,0,0,0,0,2,5,0,0,5,0,0,0,"rgb(148, 238, 233)","rgb(255,255,255)","rgb(255,255,255)","rgb(255,255,255)","rgb(255,255,255)","rgb(255,255,255)","rgb(255,255,255)"
NRLSSGKRINTAADDAAGLAIS,2,2,0,0,68.18,68.18,0,0,0,2,0,0,0,0,0,2,0,0,2,0,0,0,"rgb(255,255,255)","rgb(255,255,255)","rgb(255,255,255)","rgb(223, 225, 32)","rgb(255,255,255)","rgb(255,255,255)","rgb(255,255,255)"
ARISSGYRVETAADNAAYWSIA,3,0,0,3,45.45,45.45,3,0,0,0,0,0,0,0,2,3,0,0,3,0,0,0,"rgb(148, 238, 233)","rgb(255,255,255)","rgb(255,255,255)","rgb(255,255,255)","rgb(255,255,255)","rgb(255,255,255)","rgb(255,255,255)"
NRISTGQRVATASDNAAYWSIA,2,0,0,2,40.91,50,2,0,0,0,0,0,0,0,2,2,0,0,0,2,0,0,"rgb(148, 238, 233)","rgb(255,255,255)","rgb(255,255,255)","rgb(255,255,255)","rgb(255,255,255)","rgb(255,255,255)","rgb(255,255,255)"
QQVSSGYRVETAADDATYWSFA,4,0,0,4,36.36,40.91,4,0,0,0,0,0,0,0,4,4,0,0,4,0,0,0,"rgb(148, 238, 233)","rgb(255,255,255)","rgb(255,255,255)","rgb(255,255,255)","rgb(255,255,255)","rgb(255,255,255)","rgb(255,255,255)"
DRISSGMRVGSASDNAAYWSIA,1,0,0,1,50,50,1,0,0,0,0,0,0,0,1,1,0,0,1,0,0,0,"rgb(148, 238, 233)","rgb(255,255,255)","rgb(255,255,255)","rgb(255,255,255)","rgb(255,255,255)","rgb(255,255,255)","rgb(255,255,255)"
QQVSSGLRVQTAADNVAYWSIS,2,0,0,2,36.36,36.36,2,0,0,0,0,0,0,0,0,2,0,0,0,2,0,0,"rgb(148, 238, 233)","rgb(255,255,255)","rgb(255,255,255)","rgb(255,255,255)","rgb(255,255,255)","rgb(255,255,255)","rgb(255,255,255)"
LRLSSGMRINGAKDDAAGQAIA,1,1,0,0,72.73,72.73,0,0,0,0,1,0,0,0,0,1,0,0,0,1,0,0,"rgb(255,255,255)","rgb(255,255,255)","rgb(255,255,255)","rgb(255,255,255)",Red,"rgb(255,255,255)","rgb(255,255,255)"
QRLSSGLRVNSAKDDAAGLAIA,17,17,0,0,81.82,81.82,0,0,0,17,0,0,0,0,14,17,0,0,14,3,0,6,"rgb(255,255,255)","rgb(255,255,255)","rgb(255,255,255)","rgb(223, 225, 32)","rgb(255,255,255)","rgb(255,255,255)","rgb(255,255,255)"
QRLSTGLRVNSAQDDAAAYAVA,1,1,0,0,59.09,68.18,0,0,0,1,0,0,0,0,0,1,0,0,1,0,0,0,"rgb(255,255,255)","rgb(255,255,255)","rgb(255,255,255)","rgb(223, 225, 32)","rgb(255,255,255)","rgb(255,255,255)","rgb(255,255,255)"
NRVSTGQRISSAADGAAYWAIA,1,0,0,1,50,59.09,1,0,0,0,0,0,0,0,1,1,0,0,0,1,0,0,"rgb(148, 238, 233)","rgb(255,255,255)","rgb(255,255,255)","rgb(255,255,255)","rgb(255,255,255)","rgb(255,255,255)","rgb(255,255,255)"
ERLSSGMRINSAKDDAAGQAIA,6,6,0,0,77.27,77.27,0,0,0,6,0,0,0,0,0,6,0,0,6,0,0,4,"rgb(255,255,255)","rgb(255,255,255)","rgb(255,255,255)","rgb(223, 225, 32)","rgb(255,255,255)","rgb(255,255,255)","rgb(255,255,255)"
DRLSSGKRINSASDDAAGLAIA,2,0,2,0,77.27,77.27,0,0,0,0,0,2,0,0,0,2,0,0,2,0,0,0,"rgb(255,255,255)","rgb(255,255,255)","rgb(255,255,255)","rgb(255,255,255)","rgb(255,255,255)",Green,"rgb(255,255,255)"
NRIATGQRVSTASDNAAYWSIA,1,0,0,1,36.36,45.45,1,0,0,0,0,0,0,0,0,1,0,0,1,0,0,0,"rgb(148, 238, 233)","rgb(255,255,255)","rgb(255,255,255)","rgb(255,255,255)","rgb(255,255,255)","rgb(255,255,255)","rgb(255,255,255)"
AMVSSGYRISTATDNAAYWSIS,4,0,0,4,40.91,40.91,4,0,0,0,0,0,0,0,0,4,0,0,4,0,0,0,"rgb(148, 238, 233)","rgb(255,255,255)","rgb(255,255,255)","rgb(255,255,255)","rgb(255,255,255)","rgb(255,255,255)","rgb(255,255,255)"
QRINTGKKIANAKDNGAIWSMA,2,0,0,2,40.91,45.45,0,2,0,0,0,0,0,0,2,2,0,0,2,0,0,0,"rgb(255,255,255)",Blue,"rgb(255,255,255)","rgb(255,255,255)","rgb(255,255,255)","rgb(255,255,255)","rgb(255,255,255)"
ARVSSGMRVQTAADNAAYWSIA,1,0,0,1,45.45,45.45,1,0,0,0,0,0,0,0,1,1,0,0,1,0,0,0,"rgb(148, 238, 233)","rgb(255,255,255)","rgb(255,255,255)","rgb(255,255,255)","rgb(255,255,255)","rgb(255,255,255)","rgb(255,255,255)"
GQVSSGLRIESADDNAAYWSIA,1,0,0,1,54.55,50,1,0,0,0,0,0,0,0,0,1,0,0,1,0,0,0,"rgb(148, 238, 233)","rgb(255,255,255)","rgb(255,255,255)","rgb(255,255,255)","rgb(255,255,255)","rgb(255,255,255)","rgb(255,255,255)"
QRLSSGMRVNSAKDDAAGLAIA,4,4,0,0,77.27,81.82,0,0,0,4,0,0,0,0,4,4,0,0,4,0,0,2,"rgb(255,255,255)","rgb(255,255,255)","rgb(255,255,255)","rgb(223, 225, 32)","rgb(255,255,255)","rgb(255,255,255)","rgb(255,255,255)"
GRISTGLKVQGAKDNAAIWAIA,5,0,0,5,54.55,50,0,5,0,0,0,0,0,0,4,5,0,0,4,1,0,0,"rgb(255,255,255)",Blue,"rgb(255,255,255)","rgb(255,255,255)","rgb(255,255,255)","rgb(255,255,255)","rgb(255,255,255)"
GRVSSGLRVQTAADNAAYWSIG,3,0,0,3,45.45,40.91,3,0,0,0,0,0,0,0,0,3,0,0,0,3,0,0,"rgb(148, 238, 233)","rgb(255,255,255)","rgb(255,255,255)","rgb(255,255,255)","rgb(255,255,255)","rgb(255,255,255)","rgb(255,255,255)"
QRINTGKKISTAKDNGAIWATA,1,0,0,1,40.91,45.45,0,1,0,0,0,0,0,0,0,1,0,0,1,0,0,0,"rgb(255,255,255)",Blue,"rgb(255,255,255)","rgb(255,255,255)","rgb(255,255,255)","rgb(255,255,255)","rgb(255,255,255)"
QRLSSGLRINSAKDDAAGLAIT,1,1,0,0,81.82,81.82,0,0,0,1,0,0,0,0,0,1,0,0,1,0,0,0,"rgb(255,255,255)","rgb(255,255,255)","rgb(255,255,255)","rgb(223, 225, 32)","rgb(255,255,255)","rgb(255,255,255)","rgb(255,255,255)"
NRLSSGKSINSAADDAAGLAIA,10,0,10,0,77.27,72.73,0,0,0,0,0,10,0,0,7,10,0,0,10,0,0,0,"rgb(255,255,255)","rgb(255,255,255)","rgb(255,255,255)","rgb(255,255,255)","rgb(255,255,255)",Green,"rgb(255,255,255)"
SRVSSGYRVSEASDNVAYWSIS,2,0,0,2,36.36,36.36,2,0,0,0,0,0,0,0,2,2,0,0,0,2,0,0,"rgb(148, 238, 233)","rgb(255,255,255)","rgb(255,255,255)","rgb(255,255,255)","rgb(255,255,255)","rgb(255,255,255)","rgb(255,255,255)"
QRLSSGLRVNSARDDAAGLAIA,2,2,0,0,77.27,77.27,0,0,0,2,0,0,0,0,2,2,0,0,2,0,0,0,"rgb(255,255,255)","rgb(255,255,255)","rgb(255,255,255)","rgb(223, 225, 32)","rgb(255,255,255)","rgb(255,255,255)","rgb(255,255,255)"
THLSTGKRINSAADDAAGLAIS,2,2,0,0,68.18,72.73,0,0,2,0,0,0,0,0,0,2,0,0,0,2,0,0,"rgb(255,255,255)","rgb(255,255,255)","rgb(76, 125, 190)","rgb(255,255,255)","rgb(255,255,255)","rgb(255,255,255)","rgb(255,255,255)"
KRVSTGLRVGTASDNAAYWSIA,1,0,0,1,45.45,50,1,0,0,0,0,0,0,0,1,1,0,0,1,0,0,0,"rgb(148, 238, 233)","rgb(255,255,255)","rgb(255,255,255)","rgb(255,255,255)","rgb(255,255,255)","rgb(255,255,255)","rgb(255,255,255)"
GRVSSGLRVETASDNAAYWSIA,2,0,0,2,50,45.45,2,0,0,0,0,0,0,0,0,2,0,0,2,0,0,0,"rgb(148, 238, 233)","rgb(255,255,255)","rgb(255,255,255)","rgb(255,255,255)","rgb(255,255,255)","rgb(255,255,255)","rgb(255,255,255)"
DRIATGQRVAQASDNAAYWSIA,3,0,0,3,36.36,45.45,3,0,0,0,0,0,0,0,0,3,0,0,3,0,0,0,"rgb(148, 238, 233)","rgb(255,255,255)","rgb(255,255,255)","rgb(255,255,255)","rgb(255,255,255)","rgb(255,255,255)","rgb(255,255,255)"
GQVSTGLRISEASHNAAYWSIA,1,0,0,1,40.91,45.45,1,0,0,0,0,0,0,0,0,1,0,0,1,0,0,0,"rgb(148, 238, 233)","rgb(255,255,255)","rgb(255,255,255)","rgb(255,255,255)","rgb(255,255,255)","rgb(255,255,255)","rgb(255,255,255)"
ARLSSGTSIASAADDPAGQAIT,2,2,0,0,59.09,54.55,0,0,0,2,0,0,0,0,0,2,0,0,2,0,0,0,"rgb(255,255,255)","rgb(255,255,255)","rgb(255,255,255)","rgb(223, 225, 32)","rgb(255,255,255)","rgb(255,255,255)","rgb(255,255,255)"
EKLSSGLRINRAADDAAGLAVS,1,0,1,0,63.64,59.09,0,0,0,0,0,1,0,0,0,1,0,0,0,1,0,0,"rgb(255,255,255)","rgb(255,255,255)","rgb(255,255,255)","rgb(255,255,255)","rgb(255,255,255)",Green,"rgb(255,255,255)"
ERLSSGLRINSARDDAAGLAIS,1,1,0,0,77.27,72.73,0,0,0,1,0,0,0,0,0,1,0,0,1,0,0,0,"rgb(255,255,255)","rgb(255,255,255)","rgb(255,255,255)","rgb(223, 225, 32)","rgb(255,255,255)","rgb(255,255,255)","rgb(255,255,255)"
DVISTGLKIAGASDNAAYWAIA,4,0,0,4,50,45.45,4,0,0,0,0,0,0,0,0,4,0,0,4,0,0,0,"rgb(148, 238, 233)","rgb(255,255,255)","rgb(255,255,255)","rgb(255,255,255)","rgb(255,255,255)","rgb(255,255,255)","rgb(255,255,255)"
NRISTGKSVSSAKDNGAIWAIA,1,0,0,1,45.45,50,0,1,0,0,0,0,0,0,1,1,0,0,1,0,0,0,"rgb(255,255,255)",Blue,"rgb(255,255,255)","rgb(255,255,255)","rgb(255,255,255)","rgb(255,255,255)","rgb(255,255,255)"
NRVSSGYKVSQASDNVAYWSIS,3,0,0,3,40.91,31.82,3,0,0,0,0,0,0,0,3,3,0,0,1,2,0,0,"rgb(148, 238, 233)","rgb(255,255,255)","rgb(255,255,255)","rgb(255,255,255)","rgb(255,255,255)","rgb(255,255,255)","rgb(255,255,255)"
SRISTGYRVAEAVDNAAYWSIA,2,0,0,2,40.91,50,2,0,0,0,0,0,0,0,2,2,0,0,2,0,0,0,"rgb(148, 238, 233)","rgb(255,255,255)","rgb(255,255,255)","rgb(255,255,255)","rgb(255,255,255)","rgb(255,255,255)","rgb(255,255,255)"
QRLSSGTRINSAKDDAAGLAIS,1,1,0,0,77.27,81.82,0,0,0,1,0,0,0,0,1,1,0,0,0,1,0,0,"rgb(255,255,255)","rgb(255,255,255)","rgb(255,255,255)","rgb(223, 225, 32)","rgb(255,255,255)","rgb(255,255,255)","rgb(255,255,255)"
NAVSSGLRVGKAADNAAYWSIA,3,0,0,3,45.45,40.91,3,0,0,0,0,0,0,0,2,3,0,0,3,0,0,0,"rgb(148, 238, 233)","rgb(255,255,255)","rgb(255,255,255)","rgb(255,255,255)","rgb(255,255,255)","rgb(255,255,255)","rgb(255,255,255)"
DRVSTGLKIGDASDGAAYWSIA,1,0,0,1,54.55,50,1,0,0,0,0,0,0,0,1,1,0,0,0,1,0,0,"rgb(148, 238, 233)","rgb(255,255,255)","rgb(255,255,255)","rgb(255,255,255)","rgb(255,255,255)","rgb(255,255,255)","rgb(255,255,255)"
QRITSGKRINSAKDDAAGLAIA,2,2,0,0,72.73,77.27,0,0,0,0,2,0,0,0,2,2,0,0,2,0,0,0,"rgb(255,255,255)","rgb(255,255,255)","rgb(255,255,255)","rgb(255,255,255)",Red,"rgb(255,255,255)","rgb(255,255,255)"
DKLSSGQKINRGADDAAGLAIS,1,0,1,0,63.64,54.55,0,0,0,0,0,1,0,0,1,1,0,0,0,1,0,0,"rgb(255,255,255)","rgb(255,255,255)","rgb(255,255,255)","rgb(255,255,255)","rgb(255,255,255)",Green,"rgb(255,255,255)"
EHLATGKKLNHASDNPANIAIV,3,0,3,0,36.36,36.36,0,0,0,0,0,3,0,0,3,3,0,0,3,0,0,0,"rgb(255,255,255)","rgb(255,255,255)","rgb(255,255,255)","rgb(255,255,255)","rgb(255,255,255)",Green,"rgb(255,255,255)"
QRLSTGLRVNSAKDDAAAYAVA,1,1,0,0,NA,NA,0,0,0,1,0,0,0,0,0,1,0,0,1,0,0,0,"rgb(255,255,255)","rgb(255,255,255)","rgb(255,255,255)","rgb(223, 225, 32)","rgb(255,255,255)","rgb(255,255,255)","rgb(255,255,255)"
NAVSSGLRVGKASDNAAYWSIA,1,0,0,1,45.45,40.91,1,0,0,0,0,0,0,0,1,1,0,0,1,0,0,0,"rgb(148, 238, 233)","rgb(255,255,255)","rgb(255,255,255)","rgb(255,255,255)","rgb(255,255,255)","rgb(255,255,255)","rgb(255,255,255)"
SRLSSGMRINSAKDDAAGLAIS,1,1,0,0,77.27,77.27,0,0,0,0,1,0,0,0,0,1,0,0,0,0,1,0,"rgb(255,255,255)","rgb(255,255,255)","rgb(255,255,255)","rgb(255,255,255)",Red,"rgb(255,255,255)","rgb(255,255,255)"
TRLSSGLRINSAKDDAAGLQIA,2,2,0,0,95.45,86.36,0,0,0,0,2,0,0,0,0,2,0,0,1,1,0,0,"rgb(255,255,255)","rgb(255,255,255)","rgb(255,255,255)","rgb(255,255,255)",Red,"rgb(255,255,255)","rgb(255,255,255)"
SRINTGLRVANAKDNAAVYAIA,1,0,0,1,45.45,50,0,1,0,0,0,0,0,0,0,1,0,0,1,0,0,0,"rgb(255,255,255)",Blue,"rgb(255,255,255)","rgb(255,255,255)","rgb(255,255,255)","rgb(255,255,255)","rgb(255,255,255)"
NRISTGLKIGEAKDNAAYWSIS,1,0,0,1,54.55,50,1,0,0,0,0,0,0,0,0,1,0,0,0,1,0,0,"rgb(148, 238, 233)","rgb(255,255,255)","rgb(255,255,255)","rgb(255,255,255)","rgb(255,255,255)","rgb(255,255,255)","rgb(255,255,255)"
GQVSSGLRVATAGDNAAYWSIS,1,0,0,1,40.91,36.36,1,0,0,0,0,0,0,0,0,1,0,0,1,0,0,0,"rgb(148, 238, 233)","rgb(255,255,255)","rgb(255,255,255)","rgb(255,255,255)","rgb(255,255,255)","rgb(255,255,255)","rgb(255,255,255)"
TRLSSGKRINSAADDAAGLAIS,3,3,0,0,77.27,72.73,0,0,0,3,0,0,0,0,0,3,0,0,3,0,0,2,"rgb(255,255,255)","rgb(255,255,255)","rgb(255,255,255)","rgb(223, 225, 32)","rgb(255,255,255)","rgb(255,255,255)","rgb(255,255,255)"
SAISSGYSVASASDNAAYWSIA,1,0,0,1,45.45,40.91,1,0,0,0,0,0,0,0,1,1,0,0,1,0,0,0,"rgb(148, 238, 233)","rgb(255,255,255)","rgb(255,255,255)","rgb(255,255,255)","rgb(255,255,255)","rgb(255,255,255)","rgb(255,255,255)"
ARLSSGQRINSAKDDAAGLAIS,1,1,0,0,77.27,77.27,0,0,1,0,0,0,0,0,0,1,0,0,0,1,0,0,"rgb(255,255,255)","rgb(255,255,255)","rgb(76, 125, 190)","rgb(255,255,255)","rgb(255,255,255)","rgb(255,255,255)","rgb(255,255,255)"
SRINTGKKVASAKDNGAVWAIA,1,0,0,1,45.45,45.45,0,1,0,0,0,0,0,0,1,1,0,0,0,1,0,0,"rgb(255,255,255)",Blue,"rgb(255,255,255)","rgb(255,255,255)","rgb(255,255,255)","rgb(255,255,255)","rgb(255,255,255)"
ERLSTGKRINSAKDDAAGMAIA,1,1,0,0,72.73,81.82,0,0,1,0,0,0,0,0,0,1,0,0,0,1,0,0,"rgb(255,255,255)","rgb(255,255,255)","rgb(76, 125, 190)","rgb(255,255,255)","rgb(255,255,255)","rgb(255,255,255)","rgb(255,255,255)"
QRLSSGLKINSAKDDAAGLQIS,2,2,0,0,90.91,81.82,0,0,0,0,2,0,0,0,0,2,0,0,0,2,0,0,"rgb(255,255,255)","rgb(255,255,255)","rgb(255,255,255)","rgb(255,255,255)",Red,"rgb(255,255,255)","rgb(255,255,255)"
EKLSSGLRINSAADDAAGLSIS,1,0,1,0,72.73,68.18,0,0,0,0,0,1,0,0,0,1,0,0,1,0,0,0,"rgb(255,255,255)","rgb(255,255,255)","rgb(255,255,255)","rgb(255,255,255)","rgb(255,255,255)",Green,"rgb(255,255,255)"
SQISSGLSVQTAADNAAYWSIS,3,0,0,3,40.91,31.82,3,0,0,0,0,0,0,0,0,3,0,0,3,0,0,0,"rgb(148, 238, 233)","rgb(255,255,255)","rgb(255,255,255)","rgb(255,255,255)","rgb(255,255,255)","rgb(255,255,255)","rgb(255,255,255)"
NRVSTGQRVSSAADNAAYWSIA,6,0,0,6,45.45,54.55,6,0,0,0,0,0,0,0,0,6,0,0,0,6,0,0,"rgb(148, 238, 233)","rgb(255,255,255)","rgb(255,255,255)","rgb(255,255,255)","rgb(255,255,255)","rgb(255,255,255)","rgb(255,255,255)"
DRMTTGFKVRSAKDNASVWQAA,1,0,0,1,45.45,45.45,1,0,0,0,0,0,0,0,0,1,0,0,0,1,0,0,"rgb(148, 238, 233)","rgb(255,255,255)","rgb(255,255,255)","rgb(255,255,255)","rgb(255,255,255)","rgb(255,255,255)","rgb(255,255,255)"
QRINTGKKVGNAKDNGAIWAIA,1,0,0,1,40.91,45.45,0,1,0,0,0,0,0,0,0,1,0,0,1,0,0,1,"rgb(255,255,255)",Blue,"rgb(255,255,255)","rgb(255,255,255)","rgb(255,255,255)","rgb(255,255,255)","rgb(255,255,255)"
NRISTGLKIGQAKDNAAYWSIS,1,0,0,1,54.55,50,1,0,0,0,0,0,0,0,0,1,0,0,0,1,0,0,"rgb(148, 238, 233)","rgb(255,255,255)","rgb(255,255,255)","rgb(255,255,255)","rgb(255,255,255)","rgb(255,255,255)","rgb(255,255,255)"
GRISSGLRVGDASDNAAYWSIA,2,0,0,2,50,45.45,2,0,0,0,0,0,0,0,1,2,0,0,1,1,0,0,"rgb(148, 238, 233)","rgb(255,255,255)","rgb(255,255,255)","rgb(255,255,255)","rgb(255,255,255)","rgb(255,255,255)","rgb(255,255,255)"
ARVSSGYRVETAADNAAYWSIS,4,0,0,4,40.91,40.91,4,0,0,0,0,0,0,0,0,4,0,0,4,0,0,0,"rgb(148, 238, 233)","rgb(255,255,255)","rgb(255,255,255)","rgb(255,255,255)","rgb(255,255,255)","rgb(255,255,255)","rgb(255,255,255)"
EKLSSGLRINRAADDAAGLSIS,16,0,16,0,68.18,63.64,0,0,0,0,0,9,7,0,1,16,0,0,11,5,0,0,"rgb(255,255,255)","rgb(255,255,255)","rgb(255,255,255)","rgb(255,255,255)","rgb(255,255,255)",Green,Purple
QQVSSGKRVETAADDATYWSFA,1,0,0,1,36.36,40.91,1,0,0,0,0,0,0,0,1,1,0,0,1,0,0,0,"rgb(148, 238, 233)","rgb(255,255,255)","rgb(255,255,255)","rgb(255,255,255)","rgb(255,255,255)","rgb(255,255,255)","rgb(255,255,255)"
SRISSGYRVETAADNAAYWSIA,3,0,0,3,45.45,45.45,3,0,0,0,0,0,0,0,1,3,0,0,0,3,0,0,"rgb(148, 238, 233)","rgb(255,255,255)","rgb(255,255,255)","rgb(255,255,255)","rgb(255,255,255)","rgb(255,255,255)","rgb(255,255,255)"
DRVSSGLRVGEASDNAAYWSIA,1,0,0,1,50,45.45,1,0,0,0,0,0,0,0,1,1,0,0,1,0,0,0,"rgb(148, 238, 233)","rgb(255,255,255)","rgb(255,255,255)","rgb(255,255,255)","rgb(255,255,255)","rgb(255,255,255)","rgb(255,255,255)"
RMVSSGMRVQVSADNAAYWSIS,1,0,0,1,31.82,31.82,1,0,0,0,0,0,0,0,1,1,0,0,1,0,0,0,"rgb(148, 238, 233)","rgb(255,255,255)","rgb(255,255,255)","rgb(255,255,255)","rgb(255,255,255)","rgb(255,255,255)","rgb(255,255,255)"
ERLSTGKRINSAKDDAAGLAIA,25,25,0,0,77.27,86.36,0,0,25,0,0,0,0,0,2,25,0,0,3,22,0,2,"rgb(255,255,255)","rgb(255,255,255)","rgb(76, 125, 190)","rgb(255,255,255)","rgb(255,255,255)","rgb(255,255,255)","rgb(255,255,255)"
TRLSSGLKINSAKDDAAGLQIS,1,1,0,0,95.45,77.27,0,0,0,0,1,0,0,0,0,1,0,0,0,1,0,0,"rgb(255,255,255)","rgb(255,255,255)","rgb(255,255,255)","rgb(255,255,255)",Red,"rgb(255,255,255)","rgb(255,255,255)"
NRLSTGKKINSAKDDAAGMQIA,1,1,0,0,81.82,81.82,0,0,0,0,1,0,0,0,0,1,0,0,1,0,0,1,"rgb(255,255,255)","rgb(255,255,255)","rgb(255,255,255)","rgb(255,255,255)",Red,"rgb(255,255,255)","rgb(255,255,255)"
ERLSSGMKINSAKDDAAGLAIS,1,1,0,0,81.82,72.73,0,0,0,0,1,0,0,0,0,1,0,0,0,0,1,1,"rgb(255,255,255)","rgb(255,255,255)","rgb(255,255,255)","rgb(255,255,255)",Red,"rgb(255,255,255)","rgb(255,255,255)"
ARLSSGARIGGASDDPAGQALA,1,1,0,0,54.55,54.55,0,0,0,1,0,0,0,0,0,1,0,0,1,0,0,1,"rgb(255,255,255)","rgb(255,255,255)","rgb(255,255,255)","rgb(223, 225, 32)","rgb(255,255,255)","rgb(255,255,255)","rgb(255,255,255)"
GRISSGLKVGDASDNAAYWSIA,1,0,0,1,54.55,40.91,1,0,0,0,0,0,0,0,1,1,0,0,1,0,0,0,"rgb(148, 238, 233)","rgb(255,255,255)","rgb(255,255,255)","rgb(255,255,255)","rgb(255,255,255)","rgb(255,255,255)","rgb(255,255,255)"
ERLSTGQRINSAKDDAAGLAIS,1,1,0,0,72.73,81.82,0,0,1,0,0,0,0,0,1,1,0,0,0,1,0,0,"rgb(255,255,255)","rgb(255,255,255)","rgb(76, 125, 190)","rgb(255,255,255)","rgb(255,255,255)","rgb(255,255,255)","rgb(255,255,255)"
TRLSSGLKINSAKDDAAGMQIA,1,1,0,0,95.45,77.27,0,0,0,0,1,0,0,0,0,1,0,0,1,0,0,1,"rgb(255,255,255)","rgb(255,255,255)","rgb(255,255,255)","rgb(255,255,255)",Red,"rgb(255,255,255)","rgb(255,255,255)"
ARLSSGLRINSAKDDAAGLAIS,1,1,0,0,81.82,77.27,0,0,0,1,0,0,0,0,1,1,0,0,0,1,0,0,"rgb(255,255,255)","rgb(255,255,255)","rgb(255,255,255)","rgb(223, 225, 32)","rgb(255,255,255)","rgb(255,255,255)","rgb(255,255,255)"
AQVSSGLRIKSASDNVAYWSIS,1,0,0,1,45.45,40.91,1,0,0,0,0,0,0,0,0,1,0,0,0,1,0,0,"rgb(148, 238, 233)","rgb(255,255,255)","rgb(255,255,255)","rgb(255,255,255)","rgb(255,255,255)","rgb(255,255,255)","rgb(255,255,255)"
ERLSSGMRINSAKDDAAGLAIS,4,4,0,0,77.27,77.27,0,0,0,0,4,0,0,0,0,4,0,0,4,0,0,2,"rgb(255,255,255)","rgb(255,255,255)","rgb(255,255,255)","rgb(255,255,255)",Red,"rgb(255,255,255)","rgb(255,255,255)"
ERLSSGKRINSAKDDAAGLAIA,4,4,0,0,81.82,81.82,0,0,4,0,0,0,0,0,1,4,0,0,3,1,0,0,"rgb(255,255,255)","rgb(255,255,255)","rgb(76, 125, 190)","rgb(255,255,255)","rgb(255,255,255)","rgb(255,255,255)","rgb(255,255,255)"
EKLSSGYRINRAADDAAGLAIS,3,0,3,0,63.64,63.64,0,0,0,0,0,1,2,0,0,3,0,0,3,0,0,0,"rgb(255,255,255)","rgb(255,255,255)","rgb(255,255,255)","rgb(255,255,255)","rgb(255,255,255)",Green,Purple
EKLSSGLRINKAGDDAAGLAIS,1,0,1,0,68.18,63.64,0,0,0,0,0,1,0,0,0,1,0,0,1,0,0,0,"rgb(255,255,255)","rgb(255,255,255)","rgb(255,255,255)","rgb(255,255,255)","rgb(255,255,255)",Green,"rgb(255,255,255)"
GRISSGLRVGSASDNAAYWSIA,2,0,0,2,54.55,50,2,0,0,0,0,0,0,0,1,2,0,0,2,0,0,0,"rgb(148, 238, 233)","rgb(255,255,255)","rgb(255,255,255)","rgb(255,255,255)","rgb(255,255,255)","rgb(255,255,255)","rgb(255,255,255)"
RRISTGLKIAGPKDNPAIWAIA,3,0,0,3,50,45.45,0,3,0,0,0,0,0,0,0,3,0,0,3,0,0,0,"rgb(255,255,255)",Blue,"rgb(255,255,255)","rgb(255,255,255)","rgb(255,255,255)","rgb(255,255,255)","rgb(255,255,255)"
GRISTGLKIGEAKDNAAYWSIS,1,0,0,1,54.55,50,1,0,0,0,0,0,0,0,0,1,0,0,0,1,0,0,"rgb(148, 238, 233)","rgb(255,255,255)","rgb(255,255,255)","rgb(255,255,255)","rgb(255,255,255)","rgb(255,255,255)","rgb(255,255,255)"
SRISSGLKVGSASDNAAYWSIA,2,0,0,2,59.09,45.45,2,0,0,0,0,0,0,0,2,2,0,0,2,0,0,0,"rgb(148, 238, 233)","rgb(255,255,255)","rgb(255,255,255)","rgb(255,255,255)","rgb(255,255,255)","rgb(255,255,255)","rgb(255,255,255)"
QRINTGKKVANSKDNGAIWAMA,1,0,0,1,31.82,36.36,0,1,0,0,0,0,0,0,0,1,0,0,1,0,0,0,"rgb(255,255,255)",Blue,"rgb(255,255,255)","rgb(255,255,255)","rgb(255,255,255)","rgb(255,255,255)","rgb(255,255,255)"
SSVSSGLRVGQASDNVAYWSIS,3,0,0,3,36.36,31.82,3,0,0,0,0,0,0,0,3,3,0,0,1,2,0,0,"rgb(148, 238, 233)","rgb(255,255,255)","rgb(255,255,255)","rgb(255,255,255)","rgb(255,255,255)","rgb(255,255,255)","rgb(255,255,255)"
ERLSSGNRINSAKDDAAGLAIS,4,4,0,0,77.27,77.27,0,0,0,0,4,0,0,0,3,4,0,0,4,0,0,0,"rgb(255,255,255)","rgb(255,255,255)","rgb(255,255,255)","rgb(255,255,255)",Red,"rgb(255,255,255)","rgb(255,255,255)"
NRVSTGQRVSNASDNAAYWSIA,5,0,0,5,40.91,50,5,0,0,0,0,0,0,0,0,5,0,0,0,5,0,0,"rgb(148, 238, 233)","rgb(255,255,255)","rgb(255,255,255)","rgb(255,255,255)","rgb(255,255,255)","rgb(255,255,255)","rgb(255,255,255)"
GRISTGYRVATASDNAAYWSIA,2,0,0,2,40.91,50,2,0,0,0,0,0,0,0,2,2,0,0,2,0,0,0,"rgb(148, 238, 233)","rgb(255,255,255)","rgb(255,255,255)","rgb(255,255,255)","rgb(255,255,255)","rgb(255,255,255)","rgb(255,255,255)"
TRLSTGYRINTASDDAAGLQIA,1,1,0,0,77.27,81.82,0,0,0,1,0,0,0,0,0,1,0,0,0,1,0,0,"rgb(255,255,255)","rgb(255,255,255)","rgb(255,255,255)","rgb(223, 225, 32)","rgb(255,255,255)","rgb(255,255,255)","rgb(255,255,255)"
QRINTGKKISSAKDNGAIWATA,2,0,0,2,45.45,50,0,2,0,0,0,0,0,0,1,2,0,0,2,0,0,2,"rgb(255,255,255)",Blue,"rgb(255,255,255)","rgb(255,255,255)","rgb(255,255,255)","rgb(255,255,255)","rgb(255,255,255)"
TRLSTGLRINAASDDAAGLQIA,1,1,0,0,81.82,81.82,0,0,0,1,0,0,0,0,0,1,0,0,0,1,0,0,"rgb(255,255,255)","rgb(255,255,255)","rgb(255,255,255)","rgb(223, 225, 32)","rgb(255,255,255)","rgb(255,255,255)","rgb(255,255,255)"
ERLSSGKRINSAKDDAAGMAIA,4,4,0,0,77.27,77.27,0,0,4,0,0,0,0,0,4,4,0,0,4,0,0,0,"rgb(255,255,255)","rgb(255,255,255)","rgb(76, 125, 190)","rgb(255,255,255)","rgb(255,255,255)","rgb(255,255,255)","rgb(255,255,255)"
SRISTGFRVAEASDNAAYWSIA,1,0,0,1,40.91,50,1,0,0,0,0,0,0,0,1,1,0,0,1,0,0,0,"rgb(148, 238, 233)","rgb(255,255,255)","rgb(255,255,255)","rgb(255,255,255)","rgb(255,255,255)","rgb(255,255,255)","rgb(255,255,255)"
QRLGSGMRINSAKDDAAGLAIS,1,1,0,0,72.73,77.27,0,0,0,0,1,0,0,0,1,1,0,0,1,0,0,0,"rgb(255,255,255)","rgb(255,255,255)","rgb(255,255,255)","rgb(255,255,255)",Red,"rgb(255,255,255)","rgb(255,255,255)"
QQVSTGMRIGKAEDNSAYWSIA,1,0,0,1,36.36,50,1,0,0,0,0,0,0,0,0,1,0,0,1,0,0,0,"rgb(148, 238, 233)","rgb(255,255,255)","rgb(255,255,255)","rgb(255,255,255)","rgb(255,255,255)","rgb(255,255,255)","rgb(255,255,255)"
NHVATGLRVATAADNAAYWSIA,1,0,0,1,36.36,40.91,1,0,0,0,0,0,0,0,0,1,0,0,1,0,0,0,"rgb(148, 238, 233)","rgb(255,255,255)","rgb(255,255,255)","rgb(255,255,255)","rgb(255,255,255)","rgb(255,255,255)","rgb(255,255,255)"
NRINTGKSVSSAKDNGSIWAIA,2,0,0,2,36.36,40.91,0,2,0,0,0,0,0,0,0,2,0,0,2,0,0,0,"rgb(255,255,255)",Blue,"rgb(255,255,255)","rgb(255,255,255)","rgb(255,255,255)","rgb(255,255,255)","rgb(255,255,255)"
DRLATGNKVNSALDNPSNWFTA,2,0,0,2,40.91,40.91,2,0,0,0,0,0,0,0,0,2,0,0,2,0,0,0,"rgb(148, 238, 233)","rgb(255,255,255)","rgb(255,255,255)","rgb(255,255,255)","rgb(255,255,255)","rgb(255,255,255)","rgb(255,255,255)"
NRISTGLKIGEAKDNAAYWAIS,1,0,0,1,54.55,50,1,0,0,0,0,0,0,0,0,1,0,0,0,1,0,0,"rgb(148, 238, 233)","rgb(255,255,255)","rgb(255,255,255)","rgb(255,255,255)","rgb(255,255,255)","rgb(255,255,255)","rgb(255,255,255)"
NKINTGLRVSSAKDNAAVYAIA,3,0,0,3,45.45,50,0,3,0,0,0,0,0,0,2,3,0,0,3,0,0,0,"rgb(255,255,255)",Blue,"rgb(255,255,255)","rgb(255,255,255)","rgb(255,255,255)","rgb(255,255,255)","rgb(255,255,255)"
SRINTGLDVNSTKDDSARYTIA,1,0,0,1,50,50,0,0,1,0,0,0,0,0,0,1,0,0,1,0,0,1,"rgb(255,255,255)","rgb(255,255,255)","rgb(76, 125, 190)","rgb(255,255,255)","rgb(255,255,255)","rgb(255,255,255)","rgb(255,255,255)"
DRISSGLKVGSASDNAAYWSIA,4,0,0,4,59.09,45.45,4,0,0,0,0,0,0,0,4,4,0,0,4,0,0,0,"rgb(148, 238, 233)","rgb(255,255,255)","rgb(255,255,255)","rgb(255,255,255)","rgb(255,255,255)","rgb(255,255,255)","rgb(255,255,255)"
DRVSSGEKVGKAADNVAYWSIS,1,0,0,1,40.91,31.82,1,0,0,0,0,0,0,0,1,1,0,0,0,1,0,0,"rgb(148, 238, 233)","rgb(255,255,255)","rgb(255,255,255)","rgb(255,255,255)","rgb(255,255,255)","rgb(255,255,255)","rgb(255,255,255)"
NRINTGKKVASAKDNGAIWAIA,1,0,0,1,45.45,45.45,0,1,0,0,0,0,0,0,0,1,0,0,0,1,0,0,"rgb(255,255,255)",Blue,"rgb(255,255,255)","rgb(255,255,255)","rgb(255,255,255)","rgb(255,255,255)","rgb(255,255,255)"
NRINTGKSVATAKDNGAIWAIA,1,0,0,1,36.36,40.91,0,1,0,0,0,0,0,0,0,1,0,0,1,0,0,0,"rgb(255,255,255)",Blue,"rgb(255,255,255)","rgb(255,255,255)","rgb(255,255,255)","rgb(255,255,255)","rgb(255,255,255)"
GEVSSGLRVQNAQDNAAYWSIA,1,0,0,1,45.45,40.91,1,0,0,0,0,0,0,0,0,1,0,0,1,0,0,0,"rgb(148, 238, 233)","rgb(255,255,255)","rgb(255,255,255)","rgb(255,255,255)","rgb(255,255,255)","rgb(255,255,255)","rgb(255,255,255)"
TNISTGYRVQQASDDVAYWSIA,1,0,0,1,40.91,45.45,1,0,0,0,0,0,0,0,0,1,0,0,0,1,0,0,"rgb(148, 238, 233)","rgb(255,255,255)","rgb(255,255,255)","rgb(255,255,255)","rgb(255,255,255)","rgb(255,255,255)","rgb(255,255,255)"
ERISSGYRVQTAADNAAYWSIA,6,0,0,6,45.45,45.45,6,0,0,0,0,0,0,0,2,6,0,0,6,0,0,0,"rgb(148, 238, 233)","rgb(255,255,255)","rgb(255,255,255)","rgb(255,255,255)","rgb(255,255,255)","rgb(255,255,255)","rgb(255,255,255)"
SRINTGLAISSAKDNAAVWSIA,4,0,0,4,54.55,54.55,0,4,0,0,0,0,0,0,4,4,0,0,4,0,0,0,"rgb(255,255,255)",Blue,"rgb(255,255,255)","rgb(255,255,255)","rgb(255,255,255)","rgb(255,255,255)","rgb(255,255,255)"
TRLSTGYRVNSAMDDAAGLQIA,2,2,0,0,77.27,81.82,0,0,0,2,0,0,0,0,0,2,0,0,0,2,0,0,"rgb(255,255,255)","rgb(255,255,255)","rgb(255,255,255)","rgb(223, 225, 32)","rgb(255,255,255)","rgb(255,255,255)","rgb(255,255,255)"
KRTSSGYKINSPADNASYWSVA,2,0,0,2,50,40.91,2,0,0,0,0,0,0,0,2,2,0,0,0,2,0,0,"rgb(148, 238, 233)","rgb(255,255,255)","rgb(255,255,255)","rgb(255,255,255)","rgb(255,255,255)","rgb(255,255,255)","rgb(255,255,255)"
REVSSGLRVGTASDNAAYWSIA,2,0,0,2,45.45,40.91,2,0,0,0,0,0,0,0,0,2,0,0,2,0,0,0,"rgb(148, 238, 233)","rgb(255,255,255)","rgb(255,255,255)","rgb(255,255,255)","rgb(255,255,255)","rgb(255,255,255)","rgb(255,255,255)"
NRLATGQRISTASDSAAYWSIA,1,0,0,1,45.45,54.55,1,0,0,0,0,0,0,0,0,1,0,0,0,1,0,0,"rgb(148, 238, 233)","rgb(255,255,255)","rgb(255,255,255)","rgb(255,255,255)","rgb(255,255,255)","rgb(255,255,255)","rgb(255,255,255)"
GRIATGLRVAEASDNAAYWSIA,5,0,0,5,40.91,45.45,5,0,0,0,0,0,0,0,2,5,0,0,5,0,0,0,"rgb(148, 238, 233)","rgb(255,255,255)","rgb(255,255,255)","rgb(255,255,255)","rgb(255,255,255)","rgb(255,255,255)","rgb(255,255,255)"
ARVSSGLRVGEAADNAAYWSIA,4,0,0,4,50,45.45,4,0,0,0,0,0,0,0,0,4,0,0,4,0,0,0,"rgb(148, 238, 233)","rgb(255,255,255)","rgb(255,255,255)","rgb(255,255,255)","rgb(255,255,255)","rgb(255,255,255)","rgb(255,255,255)"
AKLSSGLRINTAADDAAGLTVS,1,0,1,0,63.64,59.09,0,0,0,0,0,0,1,0,0,1,0,0,1,0,0,0,"rgb(255,255,255)","rgb(255,255,255)","rgb(255,255,255)","rgb(255,255,255)","rgb(255,255,255)","rgb(255,255,255)",Purple
RHISTGLAISSPKDNAAVWAIA,2,0,0,2,50,50,0,2,0,0,0,0,0,0,0,2,0,0,2,0,0,0,"rgb(255,255,255)",Blue,"rgb(255,255,255)","rgb(255,255,255)","rgb(255,255,255)","rgb(255,255,255)","rgb(255,255,255)"
QRLSTGLRVEQAADNAAYWSIA,1,0,0,1,50,59.09,1,0,0,0,0,0,0,0,0,1,0,0,1,0,0,0,"rgb(148, 238, 233)","rgb(255,255,255)","rgb(255,255,255)","rgb(255,255,255)","rgb(255,255,255)","rgb(255,255,255)","rgb(255,255,255)"
EKLSSGLRINKAADDAAGLSIS,1,0,1,0,68.18,63.64,0,0,0,0,0,1,0,0,1,1,0,0,1,0,0,0,"rgb(255,255,255)","rgb(255,255,255)","rgb(255,255,255)","rgb(255,255,255)","rgb(255,255,255)",Green,"rgb(255,255,255)"
QRLSSGLRINSSKDDAAGLAIA,3,3,0,0,81.82,81.82,0,0,0,3,0,0,0,0,0,3,0,0,0,3,0,0,"rgb(255,255,255)","rgb(255,255,255)","rgb(255,255,255)","rgb(223, 225, 32)","rgb(255,255,255)","rgb(255,255,255)","rgb(255,255,255)"
DVITTGMRISEAADNAAYWSIA,4,0,0,4,36.36,45.45,4,0,0,0,0,0,0,0,0,4,0,0,4,0,0,0,"rgb(148, 238, 233)","rgb(255,255,255)","rgb(255,255,255)","rgb(255,255,255)","rgb(255,255,255)","rgb(255,255,255)","rgb(255,255,255)"
ERLSSGLRINSAKDDAAGQAIS,1,1,0,0,77.27,72.73,0,0,0,0,1,0,0,0,0,1,0,0,0,1,0,0,"rgb(255,255,255)","rgb(255,255,255)","rgb(255,255,255)","rgb(255,255,255)",Red,"rgb(255,255,255)","rgb(255,255,255)"
GNVSSGYRVAEAKDNAAYWSIA,1,0,0,1,45.45,45.45,1,0,0,0,0,0,0,0,1,1,0,0,1,0,0,0,"rgb(148, 238, 233)","rgb(255,255,255)","rgb(255,255,255)","rgb(255,255,255)","rgb(255,255,255)","rgb(255,255,255)","rgb(255,255,255)"
QRLSSGLRINSAKDDAAGQAIA,7,7,0,0,81.82,81.82,0,0,0,7,0,0,0,0,0,7,0,0,7,0,0,0,"rgb(255,255,255)","rgb(255,255,255)","rgb(255,255,255)","rgb(223, 225, 32)","rgb(255,255,255)","rgb(255,255,255)","rgb(255,255,255)"
DRISSGYRVGNASDNAAYWSIA,4,0,0,4,45.45,45.45,4,0,0,0,0,0,0,0,1,4,0,0,4,0,0,0,"rgb(148, 238, 233)","rgb(255,255,255)","rgb(255,255,255)","rgb(255,255,255)","rgb(255,255,255)","rgb(255,255,255)","rgb(255,255,255)"
SRINTGLAISTAKDNAAVWSIA,3,0,0,3,50,50,0,3,0,0,0,0,0,0,3,3,0,0,3,0,0,3,"rgb(255,255,255)",Blue,"rgb(255,255,255)","rgb(255,255,255)","rgb(255,255,255)","rgb(255,255,255)","rgb(255,255,255)"
EKLSSGLRINKASDDAAGLAIS,1,0,1,0,68.18,63.64,0,0,0,0,0,1,0,0,0,1,0,0,1,0,0,0,"rgb(255,255,255)","rgb(255,255,255)","rgb(255,255,255)","rgb(255,255,255)","rgb(255,255,255)",Green,"rgb(255,255,255)"
EKLSTGLRINRAGDDAAGLSIS,1,0,1,0,63.64,68.18,0,0,0,0,0,0,1,0,0,1,0,0,0,0,1,0,"rgb(255,255,255)","rgb(255,255,255)","rgb(255,255,255)","rgb(255,255,255)","rgb(255,255,255)","rgb(255,255,255)",Purple
TRLSTGYRINSSMDDAAGLQIA,1,1,0,0,77.27,81.82,0,0,0,1,0,0,0,0,0,1,0,0,1,0,0,1,"rgb(255,255,255)","rgb(255,255,255)","rgb(255,255,255)","rgb(223, 225, 32)","rgb(255,255,255)","rgb(255,255,255)","rgb(255,255,255)"
SRISTGYRVNDASDNAAYWSIA,2,0,0,2,45.45,54.55,2,0,0,0,0,0,0,0,1,2,0,0,2,0,0,0,"rgb(148, 238, 233)","rgb(255,255,255)","rgb(255,255,255)","rgb(255,255,255)","rgb(255,255,255)","rgb(255,255,255)","rgb(255,255,255)"
GRVSSGLKVGAASDNAAYWSIA,2,0,0,2,54.55,40.91,2,0,0,0,0,0,0,0,2,2,0,0,2,0,0,0,"rgb(148, 238, 233)","rgb(255,255,255)","rgb(255,255,255)","rgb(255,255,255)","rgb(255,255,255)","rgb(255,255,255)","rgb(255,255,255)"
ARVSSGLRVETASDNAAYWSIA,2,0,0,2,50,45.45,2,0,0,0,0,0,0,0,2,2,0,0,2,0,0,0,"rgb(148, 238, 233)","rgb(255,255,255)","rgb(255,255,255)","rgb(255,255,255)","rgb(255,255,255)","rgb(255,255,255)","rgb(255,255,255)"
NRLSSGKRINTAADDAAGLAIA,1,0,1,0,72.73,72.73,0,0,0,0,0,1,0,0,0,1,0,0,1,0,0,0,"rgb(255,255,255)","rgb(255,255,255)","rgb(255,255,255)","rgb(255,255,255)","rgb(255,255,255)",Green,"rgb(255,255,255)"
NRVSTGQRVSNAADNAAYWSIA,2,0,0,2,40.91,50,2,0,0,0,0,0,0,0,0,2,0,0,0,2,0,0,"rgb(148, 238, 233)","rgb(255,255,255)","rgb(255,255,255)","rgb(255,255,255)","rgb(255,255,255)","rgb(255,255,255)","rgb(255,255,255)"
NRINSGLNVSSTKDDSAAFTIA,2,0,0,2,50,40.91,0,0,2,0,0,0,0,0,0,2,0,0,0,2,0,0,"rgb(255,255,255)","rgb(255,255,255)","rgb(76, 125, 190)","rgb(255,255,255)","rgb(255,255,255)","rgb(255,255,255)","rgb(255,255,255)"
ARLSSGKRINSAKDDAAGLAIA,4,4,0,0,81.82,81.82,0,0,4,0,0,0,0,0,4,4,0,0,4,0,0,0,"rgb(255,255,255)","rgb(255,255,255)","rgb(76, 125, 190)","rgb(255,255,255)","rgb(255,255,255)","rgb(255,255,255)","rgb(255,255,255)"
ERLSSGLRINKAADDAAGLAIS,2,0,2,0,72.73,68.18,0,0,0,0,0,0,2,0,0,2,0,0,2,0,0,0,"rgb(255,255,255)","rgb(255,255,255)","rgb(255,255,255)","rgb(255,255,255)","rgb(255,255,255)","rgb(255,255,255)",Purple
QNISSGLRIGEASDNAAYWSIA,1,0,0,1,50,50,1,0,0,0,0,0,0,0,0,1,0,0,1,0,0,0,"rgb(148, 238, 233)","rgb(255,255,255)","rgb(255,255,255)","rgb(255,255,255)","rgb(255,255,255)","rgb(255,255,255)","rgb(255,255,255)"
EKLSSGLKINRAGDDAAGLAIS,6,0,6,0,72.73,59.09,0,0,0,0,0,6,0,0,5,6,0,0,6,0,0,0,"rgb(255,255,255)","rgb(255,255,255)","rgb(255,255,255)","rgb(255,255,255)","rgb(255,255,255)",Green,"rgb(255,255,255)"
ARISTGYRVSSASDNAAYWSIA,2,0,0,2,45.45,54.55,2,0,0,0,0,0,0,0,2,2,0,0,2,0,0,0,"rgb(148, 238, 233)","rgb(255,255,255)","rgb(255,255,255)","rgb(255,255,255)","rgb(255,255,255)","rgb(255,255,255)","rgb(255,255,255)"
SRVNTGLKVQGARDNAAVWAVA,4,0,0,4,40.91,36.36,0,4,0,0,0,0,0,0,4,4,0,0,2,2,0,0,"rgb(255,255,255)",Blue,"rgb(255,255,255)","rgb(255,255,255)","rgb(255,255,255)","rgb(255,255,255)","rgb(255,255,255)"
GRISSGLKVGTAADNSAYWSIA,3,0,0,3,50,36.36,3,0,0,0,0,0,0,0,0,3,0,0,3,0,0,0,"rgb(148, 238, 233)","rgb(255,255,255)","rgb(255,255,255)","rgb(255,255,255)","rgb(255,255,255)","rgb(255,255,255)","rgb(255,255,255)"
VRVATGRDVNQAADNAAYWSIA,1,0,0,1,40.91,45.45,1,0,0,0,0,0,0,0,0,1,0,0,1,0,0,0,"rgb(148, 238, 233)","rgb(255,255,255)","rgb(255,255,255)","rgb(255,255,255)","rgb(255,255,255)","rgb(255,255,255)","rgb(255,255,255)"
NRISTGMKVSSAKDNGAIFAIA,8,0,0,8,50,50,0,8,0,0,0,0,0,0,4,8,0,0,4,4,0,0,"rgb(255,255,255)",Blue,"rgb(255,255,255)","rgb(255,255,255)","rgb(255,255,255)","rgb(255,255,255)","rgb(255,255,255)"
SRINTGLNVSSTKDDSASYTIA,1,0,0,1,45.45,45.45,0,0,1,0,0,0,0,0,0,1,0,0,1,0,0,1,"rgb(255,255,255)","rgb(255,255,255)","rgb(76, 125, 190)","rgb(255,255,255)","rgb(255,255,255)","rgb(255,255,255)","rgb(255,255,255)"
SRINTGKRIATAKDNGAIWSMA,2,0,0,2,36.36,45.45,0,2,0,0,0,0,0,0,2,2,0,0,2,0,0,0,"rgb(255,255,255)",Blue,"rgb(255,255,255)","rgb(255,255,255)","rgb(255,255,255)","rgb(255,255,255)","rgb(255,255,255)"
QRLSSGMRINSAKDDAAGLAIS,1,1,0,0,77.27,81.82,0,0,0,1,0,0,0,0,0,1,0,0,1,0,0,1,"rgb(255,255,255)","rgb(255,255,255)","rgb(255,255,255)","rgb(223, 225, 32)","rgb(255,255,255)","rgb(255,255,255)","rgb(255,255,255)"
NRVSTGLKVGSAKDNGAIYAIA,4,0,0,4,54.55,50,0,4,0,0,0,0,0,0,4,4,0,0,2,2,0,0,"rgb(255,255,255)",Blue,"rgb(255,255,255)","rgb(255,255,255)","rgb(255,255,255)","rgb(255,255,255)","rgb(255,255,255)"
ERISSGLRVGTAADNAAYWSIA,2,0,0,2,50,45.45,2,0,0,0,0,0,0,0,0,2,0,0,2,0,0,0,"rgb(148, 238, 233)","rgb(255,255,255)","rgb(255,255,255)","rgb(255,255,255)","rgb(255,255,255)","rgb(255,255,255)","rgb(255,255,255)"
ARVSSGYRVETASDNAAYWSIA,4,0,0,4,45.45,45.45,4,0,0,0,0,0,0,0,4,4,0,0,0,4,0,0,"rgb(148, 238, 233)","rgb(255,255,255)","rgb(255,255,255)","rgb(255,255,255)","rgb(255,255,255)","rgb(255,255,255)","rgb(255,255,255)"
SRISSGLKVGSASDNAAYWSIS,4,0,0,4,54.55,40.91,4,0,0,0,0,0,0,0,4,4,0,0,0,4,0,0,"rgb(148, 238, 233)","rgb(255,255,255)","rgb(255,255,255)","rgb(255,255,255)","rgb(255,255,255)","rgb(255,255,255)","rgb(255,255,255)"
QRINTGKKVGNAKDNGAIWAMA,6,0,0,6,36.36,40.91,0,6,0,0,0,0,0,0,1,6,0,0,6,0,0,2,"rgb(255,255,255)",Blue,"rgb(255,255,255)","rgb(255,255,255)","rgb(255,255,255)","rgb(255,255,255)","rgb(255,255,255)"
ERLSTGKSINSAKDNAAGMAIK,2,2,0,0,63.64,68.18,0,0,2,0,0,0,0,0,0,2,0,0,0,2,0,0,"rgb(255,255,255)","rgb(255,255,255)","rgb(76, 125, 190)","rgb(255,255,255)","rgb(255,255,255)","rgb(255,255,255)","rgb(255,255,255)"
AKLSSGSRIVSAKDDASGLAIA,1,0,0,1,68.18,72.73,0,1,0,0,0,0,0,0,0,1,0,0,1,0,0,0,"rgb(255,255,255)",Blue,"rgb(255,255,255)","rgb(255,255,255)","rgb(255,255,255)","rgb(255,255,255)","rgb(255,255,255)"
DRVSSGQKVGDASDNVAYWSIS,1,0,0,1,40.91,31.82,1,0,0,0,0,0,0,0,0,1,0,0,0,1,0,0,"rgb(148, 238, 233)","rgb(255,255,255)","rgb(255,255,255)","rgb(255,255,255)","rgb(255,255,255)","rgb(255,255,255)","rgb(255,255,255)"
QRINTGKKIGNAKDNGAIWSMA,1,0,0,1,40.91,45.45,0,1,0,0,0,0,0,0,1,1,0,0,1,0,0,0,"rgb(255,255,255)",Blue,"rgb(255,255,255)","rgb(255,255,255)","rgb(255,255,255)","rgb(255,255,255)","rgb(255,255,255)"
EKLSSGLRINRAGDDAAGLAIS,17,0,17,0,68.18,63.64,0,0,0,0,0,13,4,0,1,17,0,0,11,2,4,0,"rgb(255,255,255)","rgb(255,255,255)","rgb(255,255,255)","rgb(255,255,255)","rgb(255,255,255)",Green,Purple
NRISTGLKVSSAKDNGAIFAIA,4,0,0,4,54.55,50,0,4,0,0,0,0,0,0,4,4,0,0,2,2,0,0,"rgb(255,255,255)",Blue,"rgb(255,255,255)","rgb(255,255,255)","rgb(255,255,255)","rgb(255,255,255)","rgb(255,255,255)"
GRISTGLSVASTKDDSSSYVIA,1,0,0,1,45.45,45.45,0,0,1,0,0,0,0,0,0,1,0,0,0,1,0,0,"rgb(255,255,255)","rgb(255,255,255)","rgb(76, 125, 190)","rgb(255,255,255)","rgb(255,255,255)","rgb(255,255,255)","rgb(255,255,255)"
EKLSSGLRINSAADDAAGLAIS,2,0,2,0,72.73,68.18,0,0,0,0,0,2,0,0,1,2,0,0,2,0,0,0,"rgb(255,255,255)","rgb(255,255,255)","rgb(255,255,255)","rgb(255,255,255)","rgb(255,255,255)",Green,"rgb(255,255,255)"
DIVTTGMRISEAADNAAYWSIA,2,0,0,2,36.36,45.45,2,0,0,0,0,0,0,0,0,2,0,0,2,0,0,0,"rgb(148, 238, 233)","rgb(255,255,255)","rgb(255,255,255)","rgb(255,255,255)","rgb(255,255,255)","rgb(255,255,255)","rgb(255,255,255)"
EKLSSGLRINSASDDAAGLAIS,1,0,1,0,72.73,68.18,0,0,0,0,0,1,0,0,0,1,0,0,0,1,0,0,"rgb(255,255,255)","rgb(255,255,255)","rgb(255,255,255)","rgb(255,255,255)","rgb(255,255,255)",Green,"rgb(255,255,255)"
NRISTGKNVSSAKDNGAIFAIA,2,0,0,2,45.45,50,0,2,0,0,0,0,0,0,2,2,0,0,2,0,0,0,"rgb(255,255,255)",Blue,"rgb(255,255,255)","rgb(255,255,255)","rgb(255,255,255)","rgb(255,255,255)","rgb(255,255,255)"
TRLSSGLKINSAKDDAAGLQIA,14,14,0,0,100,81.82,0,0,0,0,14,0,0,0,0,14,0,0,12,2,0,2,"rgb(255,255,255)","rgb(255,255,255)","rgb(255,255,255)","rgb(255,255,255)",Red,"rgb(255,255,255)","rgb(255,255,255)"
NRINTGLKISSAKDNGAIWAIA,2,0,0,2,54.55,50,0,2,0,0,0,0,0,0,2,2,0,0,2,0,0,0,"rgb(255,255,255)",Blue,"rgb(255,255,255)","rgb(255,255,255)","rgb(255,255,255)","rgb(255,255,255)","rgb(255,255,255)"
SRINSGLNVASTKDDSAAFTIA,3,0,0,3,50,40.91,0,0,3,0,0,0,0,0,0,3,0,0,0,3,0,0,"rgb(255,255,255)","rgb(255,255,255)","rgb(76, 125, 190)","rgb(255,255,255)","rgb(255,255,255)","rgb(255,255,255)","rgb(255,255,255)"
NRVSTGQRISSAADGAAYWSIA,1,0,0,1,50,59.09,1,0,0,0,0,0,0,0,1,1,0,0,0,1,0,0,"rgb(148, 238, 233)","rgb(255,255,255)","rgb(255,255,255)","rgb(255,255,255)","rgb(255,255,255)","rgb(255,255,255)","rgb(255,255,255)"
KQISTGLRVEKAADNAAYWSIA,1,0,0,1,40.91,45.45,1,0,0,0,0,0,0,0,0,1,0,0,1,0,0,0,"rgb(148, 238, 233)","rgb(255,255,255)","rgb(255,255,255)","rgb(255,255,255)","rgb(255,255,255)","rgb(255,255,255)","rgb(255,255,255)"
TRLSSGKRINSAADDAAGQAIA,1,1,0,0,77.27,72.73,0,0,0,1,0,0,0,0,0,1,0,0,0,1,0,0,"rgb(255,255,255)","rgb(255,255,255)","rgb(255,255,255)","rgb(223, 225, 32)","rgb(255,255,255)","rgb(255,255,255)","rgb(255,255,255)"
TRLSTGYRINSAMDDAAGLQIA,3,3,0,0,81.82,86.36,0,0,0,3,0,0,0,0,0,3,0,0,3,0,0,1,"rgb(255,255,255)","rgb(255,255,255)","rgb(255,255,255)","rgb(223, 225, 32)","rgb(255,255,255)","rgb(255,255,255)","rgb(255,255,255)"
RHIATGLAISSPKDNPAVWAIA,2,0,0,2,40.91,40.91,0,2,0,0,0,0,0,0,0,2,0,0,2,0,0,2,"rgb(255,255,255)",Blue,"rgb(255,255,255)","rgb(255,255,255)","rgb(255,255,255)","rgb(255,255,255)","rgb(255,255,255)"
QRLSSGLKINSAKDDAAGLQIA,2,2,0,0,95.45,86.36,0,0,0,0,2,0,0,0,0,2,0,0,2,0,0,0,"rgb(255,255,255)","rgb(255,255,255)","rgb(255,255,255)","rgb(255,255,255)",Red,"rgb(255,255,255)","rgb(255,255,255)"
QRLSSGLRINSAKDDAAGLAIS,47,47,0,0,81.82,81.82,0,0,0,34,13,0,0,0,28,47,0,0,28,19,0,3,"rgb(255,255,255)","rgb(255,255,255)","rgb(255,255,255)","rgb(223, 225, 32)",Red,"rgb(255,255,255)","rgb(255,255,255)"
NRLSSGKRINSAADDAAGLAIA,1,0,1,0,77.27,77.27,0,0,0,0,0,1,0,0,0,1,0,0,1,0,0,0,"rgb(255,255,255)","rgb(255,255,255)","rgb(255,255,255)","rgb(255,255,255)","rgb(255,255,255)",Green,"rgb(255,255,255)"
NEVSSGLRIQSAADNAAYWSIS,1,0,0,1,50,45.45,1,0,0,0,0,0,0,0,0,1,0,0,1,0,0,0,"rgb(148, 238, 233)","rgb(255,255,255)","rgb(255,255,255)","rgb(255,255,255)","rgb(255,255,255)","rgb(255,255,255)","rgb(255,255,255)"
ERVTSGLKIASAADNSGYWSTA,1,0,0,1,45.45,31.82,1,0,0,0,0,0,0,0,1,1,0,0,0,1,0,0,"rgb(148, 238, 233)","rgb(255,255,255)","rgb(255,255,255)","rgb(255,255,255)","rgb(255,255,255)","rgb(255,255,255)","rgb(255,255,255)"
EKLSSGLNINRAADDAAGMSIS,1,0,1,0,63.64,54.55,0,0,0,0,0,1,0,0,0,1,0,0,0,1,0,0,"rgb(255,255,255)","rgb(255,255,255)","rgb(255,255,255)","rgb(255,255,255)","rgb(255,255,255)",Green,"rgb(255,255,255)"
GRVSSGLRVERAADNAAYWSIA,1,0,0,1,50,45.45,1,0,0,0,0,0,0,0,0,1,0,0,1,0,0,0,"rgb(148, 238, 233)","rgb(255,255,255)","rgb(255,255,255)","rgb(255,255,255)","rgb(255,255,255)","rgb(255,255,255)","rgb(255,255,255)"
EKLSSGYRINRAADDAAGLSIS,5,0,5,0,63.64,63.64,0,0,0,0,0,5,0,0,0,5,0,0,3,1,1,0,"rgb(255,255,255)","rgb(255,255,255)","rgb(255,255,255)","rgb(255,255,255)","rgb(255,255,255)",Green,"rgb(255,255,255)"
NRVSTGQRVSTASDNAAYWSIA,8,0,0,8,40.91,50,8,0,0,0,0,0,0,0,0,8,0,0,0,8,0,0,"rgb(148, 238, 233)","rgb(255,255,255)","rgb(255,255,255)","rgb(255,255,255)","rgb(255,255,255)","rgb(255,255,255)","rgb(255,255,255)"
NSVSTGYKVSKASDNVAYWSIS,2,0,0,2,31.82,31.82,2,0,0,0,0,0,0,0,2,2,0,0,0,2,0,0,"rgb(148, 238, 233)","rgb(255,255,255)","rgb(255,255,255)","rgb(255,255,255)","rgb(255,255,255)","rgb(255,255,255)","rgb(255,255,255)"
SRISTGQKVSSAADNAAYWSIA,1,0,0,1,50,50,1,0,0,0,0,0,0,0,0,1,0,0,1,0,0,0,"rgb(148, 238, 233)","rgb(255,255,255)","rgb(255,255,255)","rgb(255,255,255)","rgb(255,255,255)","rgb(255,255,255)","rgb(255,255,255)"
TRLSTGYRVNSAQDDAAGLQIA,2,2,0,0,77.27,81.82,0,0,0,2,0,0,0,0,0,2,0,0,2,0,0,0,"rgb(255,255,255)","rgb(255,255,255)","rgb(255,255,255)","rgb(223, 225, 32)","rgb(255,255,255)","rgb(255,255,255)","rgb(255,255,255)"
QRLSSGLRINTAKDDAAGLAIS,2,2,0,0,77.27,77.27,0,0,0,2,0,0,0,0,0,2,0,0,2,0,0,0,"rgb(255,255,255)","rgb(255,255,255)","rgb(255,255,255)","rgb(223, 225, 32)","rgb(255,255,255)","rgb(255,255,255)","rgb(255,255,255)"
EKLSTGLRINRAADDAAGLSIS,2,0,2,0,63.64,68.18,0,0,0,0,0,0,2,0,0,2,0,0,1,1,0,0,"rgb(255,255,255)","rgb(255,255,255)","rgb(255,255,255)","rgb(255,255,255)","rgb(255,255,255)","rgb(255,255,255)",Purple
ERVTSGYKIASAADNSGYWSTA,1,0,0,1,40.91,31.82,1,0,0,0,0,0,0,0,1,1,0,0,0,1,0,0,"rgb(148, 238, 233)","rgb(255,255,255)","rgb(255,255,255)","rgb(255,255,255)","rgb(255,255,255)","rgb(255,255,255)","rgb(255,255,255)"
TRINTGQSISTAKDNAAVWSIA,2,0,0,2,50,50,0,2,0,0,0,0,0,0,2,2,0,0,2,0,0,0,"rgb(255,255,255)",Blue,"rgb(255,255,255)","rgb(255,255,255)","rgb(255,255,255)","rgb(255,255,255)","rgb(255,255,255)"
ARVSSGYRVETAADNAAYWSIA,4,0,0,4,45.45,45.45,4,0,0,0,0,0,0,0,0,4,0,0,4,0,0,0,"rgb(148, 238, 233)","rgb(255,255,255)","rgb(255,255,255)","rgb(255,255,255)","rgb(255,255,255)","rgb(255,255,255)","rgb(255,255,255)"
DRVSSGLKIADASDGAAYWSIA,1,0,0,1,59.09,45.45,1,0,0,0,0,0,0,0,1,1,0,0,0,1,0,0,"rgb(148, 238, 233)","rgb(255,255,255)","rgb(255,255,255)","rgb(255,255,255)","rgb(255,255,255)","rgb(255,255,255)","rgb(255,255,255)"
SRVSSGMRVKTASDNAAYWSIA,1,0,0,1,45.45,45.45,1,0,0,0,0,0,0,0,1,1,0,0,1,0,0,0,"rgb(148, 238, 233)","rgb(255,255,255)","rgb(255,255,255)","rgb(255,255,255)","rgb(255,255,255)","rgb(255,255,255)","rgb(255,255,255)"
KHLATGKKLNNASDNPANIAIV,1,0,1,0,36.36,36.36,0,0,0,0,0,1,0,0,1,1,0,0,1,0,0,0,"rgb(255,255,255)","rgb(255,255,255)","rgb(255,255,255)","rgb(255,255,255)","rgb(255,255,255)",Green,"rgb(255,255,255)"
NRVSTGQRVSSASDNAAYWSIA,1,0,0,1,45.45,54.55,1,0,0,0,0,0,0,0,0,1,0,0,0,1,0,0,"rgb(148, 238, 233)","rgb(255,255,255)","rgb(255,255,255)","rgb(255,255,255)","rgb(255,255,255)","rgb(255,255,255)","rgb(255,255,255)"
GKISSGLRIQTAADNAAYWSIS,2,0,0,2,45.45,40.91,2,0,0,0,0,0,0,0,0,2,0,0,0,2,0,0,"rgb(148, 238, 233)","rgb(255,255,255)","rgb(255,255,255)","rgb(255,255,255)","rgb(255,255,255)","rgb(255,255,255)","rgb(255,255,255)"
ERLSSGLRINSAKDDAAGMAIA,3,3,0,0,81.82,77.27,0,0,0,3,0,0,0,0,0,3,0,0,3,0,0,1,"rgb(255,255,255)","rgb(255,255,255)","rgb(255,255,255)","rgb(223, 225, 32)","rgb(255,255,255)","rgb(255,255,255)","rgb(255,255,255)"
QQVSSGKSVETAADDATYWSFA,1,0,0,1,36.36,36.36,1,0,0,0,0,0,0,0,1,1,0,0,1,0,0,0,"rgb(148, 238, 233)","rgb(255,255,255)","rgb(255,255,255)","rgb(255,255,255)","rgb(255,255,255)","rgb(255,255,255)","rgb(255,255,255)"
NRVSSGYRVAEAKDNAAYWSIA,3,0,0,3,50,50,3,0,0,0,0,0,0,0,2,3,0,0,3,0,0,0,"rgb(148, 238, 233)","rgb(255,255,255)","rgb(255,255,255)","rgb(255,255,255)","rgb(255,255,255)","rgb(255,255,255)","rgb(255,255,255)"
QQVSSGFRVETAADDATYWSYA,1,0,0,1,36.36,40.91,1,0,0,0,0,0,0,0,1,1,0,0,1,0,0,0,"rgb(148, 238, 233)","rgb(255,255,255)","rgb(255,255,255)","rgb(255,255,255)","rgb(255,255,255)","rgb(255,255,255)","rgb(255,255,255)"
NTVSTGLKVSSAKDNVAYWSIS,3,0,0,3,45.45,40.91,3,0,0,0,0,0,0,0,3,3,0,0,1,2,0,0,"rgb(148, 238, 233)","rgb(255,255,255)","rgb(255,255,255)","rgb(255,255,255)","rgb(255,255,255)","rgb(255,255,255)","rgb(255,255,255)"
NRVSTGQRVSAAADNAAYWSIA,1,0,0,1,40.91,50,1,0,0,0,0,0,0,0,0,1,0,0,0,1,0,0,"rgb(148, 238, 233)","rgb(255,255,255)","rgb(255,255,255)","rgb(255,255,255)","rgb(255,255,255)","rgb(255,255,255)","rgb(255,255,255)"
DKLSSGQKINRAADDAAGLALS,1,0,1,0,63.64,54.55,0,0,0,0,0,1,0,0,0,1,0,0,0,1,0,0,"rgb(255,255,255)","rgb(255,255,255)","rgb(255,255,255)","rgb(255,255,255)","rgb(255,255,255)",Green,"rgb(255,255,255)"
EKLASGLRINRAGDDAAGLSIS,5,0,5,0,63.64,59.09,0,0,0,0,0,5,0,0,2,5,0,0,4,1,0,0,"rgb(255,255,255)","rgb(255,255,255)","rgb(255,255,255)","rgb(255,255,255)","rgb(255,255,255)",Green,"rgb(255,255,255)"
TRLSTGFRINSAMDDAAGLQIA,4,4,0,0,81.82,86.36,0,0,0,4,0,0,0,0,1,4,0,0,4,0,0,3,"rgb(255,255,255)","rgb(255,255,255)","rgb(255,255,255)","rgb(223, 225, 32)","rgb(255,255,255)","rgb(255,255,255)","rgb(255,255,255)"
RQVSTGLRVERAADNGAYWAIS,1,0,0,1,31.82,36.36,1,0,0,0,0,0,0,0,1,1,0,0,1,0,0,0,"rgb(148, 238, 233)","rgb(255,255,255)","rgb(255,255,255)","rgb(255,255,255)","rgb(255,255,255)","rgb(255,255,255)","rgb(255,255,255)"
QRINTGKKISNAKDNGAIWSMA,4,0,0,4,40.91,45.45,0,4,0,0,0,0,0,0,4,4,0,0,4,0,0,3,"rgb(255,255,255)",Blue,"rgb(255,255,255)","rgb(255,255,255)","rgb(255,255,255)","rgb(255,255,255)","rgb(255,255,255)"
EKLSSGFRINRAADDAAGLSIS,3,0,3,0,63.64,63.64,0,0,0,0,0,2,1,0,0,3,0,0,2,0,1,0,"rgb(255,255,255)","rgb(255,255,255)","rgb(255,255,255)","rgb(255,255,255)","rgb(255,255,255)",Green,Purple
ERLSTGKRINSAKDDAAGMAIS,3,3,0,0,68.18,77.27,0,0,3,0,0,0,0,0,0,3,0,0,0,3,0,0,"rgb(255,255,255)","rgb(255,255,255)","rgb(76, 125, 190)","rgb(255,255,255)","rgb(255,255,255)","rgb(255,255,255)","rgb(255,255,255)"
NRINTGLKISTAKDNGAIWAIA,1,0,0,1,50,45.45,0,1,0,0,0,0,0,0,0,1,0,0,1,0,0,0,"rgb(255,255,255)",Blue,"rgb(255,255,255)","rgb(255,255,255)","rgb(255,255,255)","rgb(255,255,255)","rgb(255,255,255)"
NRISTGKTVATAKDNGAIWAIA,1,0,0,1,40.91,45.45,0,1,0,0,0,0,0,0,0,1,0,0,1,0,0,0,"rgb(255,255,255)",Blue,"rgb(255,255,255)","rgb(255,255,255)","rgb(255,255,255)","rgb(255,255,255)","rgb(255,255,255)"
QRINTGKKIGNAKDNGAIWAMS,1,0,0,1,36.36,40.91,0,1,0,0,0,0,0,0,0,1,0,0,1,0,0,1,"rgb(255,255,255)",Blue,"rgb(255,255,255)","rgb(255,255,255)","rgb(255,255,255)","rgb(255,255,255)","rgb(255,255,255)"
GRISTGLKVGSASDNAAYWSIA,2,0,0,2,54.55,50,2,0,0,0,0,0,0,0,2,2,0,0,2,0,0,0,"rgb(148, 238, 233)","rgb(255,255,255)","rgb(255,255,255)","rgb(255,255,255)","rgb(255,255,255)","rgb(255,255,255)","rgb(255,255,255)"
GRISSGLKVGSASDNAAYWSIA,1,0,0,1,59.09,45.45,1,0,0,0,0,0,0,0,0,1,0,0,1,0,0,0,"rgb(148, 238, 233)","rgb(255,255,255)","rgb(255,255,255)","rgb(255,255,255)","rgb(255,255,255)","rgb(255,255,255)","rgb(255,255,255)"
NRVSTGLKVATAADNAAYWSIA,2,0,0,2,50,45.45,2,0,0,0,0,0,0,0,0,2,0,0,2,0,0,0,"rgb(148, 238, 233)","rgb(255,255,255)","rgb(255,255,255)","rgb(255,255,255)","rgb(255,255,255)","rgb(255,255,255)","rgb(255,255,255)"
DRVSSGYRVGQAKDNVAYWSIS,1,0,0,1,40.91,40.91,1,0,0,0,0,0,0,0,1,1,0,0,0,1,0,0,"rgb(148, 238, 233)","rgb(255,255,255)","rgb(255,255,255)","rgb(255,255,255)","rgb(255,255,255)","rgb(255,255,255)","rgb(255,255,255)"
GRVSSGLRVETAADNAAYWSIA,5,0,0,5,50,45.45,5,0,0,0,0,0,0,0,0,5,0,0,5,0,0,0,"rgb(148, 238, 233)","rgb(255,255,255)","rgb(255,255,255)","rgb(255,255,255)","rgb(255,255,255)","rgb(255,255,255)","rgb(255,255,255)"
RQVSTGLRVERASDNGAYWAIS,4,0,0,4,31.82,36.36,4,0,0,0,0,0,0,0,0,4,0,0,4,0,0,0,"rgb(148, 238, 233)","rgb(255,255,255)","rgb(255,255,255)","rgb(255,255,255)","rgb(255,255,255)","rgb(255,255,255)","rgb(255,255,255)"
QITSSGLKIGKAADNAGYWSTA,4,0,0,4,45.45,36.36,4,0,0,0,0,0,0,0,4,4,0,0,1,3,0,0,"rgb(148, 238, 233)","rgb(255,255,255)","rgb(255,255,255)","rgb(255,255,255)","rgb(255,255,255)","rgb(255,255,255)","rgb(255,255,255)"
NRVSTGQRVSAASDNAAYWSIA,2,0,0,2,40.91,50,2,0,0,0,0,0,0,0,0,2,0,0,1,1,0,0,"rgb(148, 238, 233)","rgb(255,255,255)","rgb(255,255,255)","rgb(255,255,255)","rgb(255,255,255)","rgb(255,255,255)","rgb(255,255,255)"
QRLSSGLRINSAKDDAAGLQIS,3,3,0,0,86.36,86.36,0,0,0,0,3,0,0,0,0,3,0,0,2,1,0,1,"rgb(255,255,255)","rgb(255,255,255)","rgb(255,255,255)","rgb(255,255,255)",Red,"rgb(255,255,255)","rgb(255,255,255)"
NRVSTGLRVSSAADNAAYWSIA,1,0,0,1,50,54.55,1,0,0,0,0,0,0,0,0,1,0,0,0,1,0,0,"rgb(148, 238, 233)","rgb(255,255,255)","rgb(255,255,255)","rgb(255,255,255)","rgb(255,255,255)","rgb(255,255,255)","rgb(255,255,255)"
NRINTGKAVSSAKDNGAIFAIA,1,0,0,1,40.91,45.45,0,1,0,0,0,0,0,0,1,1,0,0,1,0,0,0,"rgb(255,255,255)",Blue,"rgb(255,255,255)","rgb(255,255,255)","rgb(255,255,255)","rgb(255,255,255)","rgb(255,255,255)"
EKLSSGLRINRAADDAAGLAIS,30,0,30,0,68.18,63.64,0,0,0,0,0,0,30,0,0,30,0,0,18,12,0,0,"rgb(255,255,255)","rgb(255,255,255)","rgb(255,255,255)","rgb(255,255,255)","rgb(255,255,255)","rgb(255,255,255)",Purple
DRVSSGFRVGQAKDNVAYWSIS,1,0,0,1,40.91,40.91,1,0,0,0,0,0,0,0,1,1,0,0,0,1,0,0,"rgb(148, 238, 233)","rgb(255,255,255)","rgb(255,255,255)","rgb(255,255,255)","rgb(255,255,255)","rgb(255,255,255)","rgb(255,255,255)"
SRVSSGLRVKTASDNAAYWSIA,7,0,0,7,50,45.45,7,0,0,0,0,0,0,0,7,7,0,0,7,0,0,0,"rgb(148, 238, 233)","rgb(255,255,255)","rgb(255,255,255)","rgb(255,255,255)","rgb(255,255,255)","rgb(255,255,255)","rgb(255,255,255)"
AHVSSGLRVGSASDNAAYWSIA,1,0,0,1,50,45.45,1,0,0,0,0,0,0,0,0,1,0,0,1,0,0,0,"rgb(148, 238, 233)","rgb(255,255,255)","rgb(255,255,255)","rgb(255,255,255)","rgb(255,255,255)","rgb(255,255,255)","rgb(255,255,255)"
EKLSSGQRINSAADDAAGLAIS,1,0,1,0,68.18,68.18,0,0,0,0,0,1,0,0,0,1,0,0,1,0,0,0,"rgb(255,255,255)","rgb(255,255,255)","rgb(255,255,255)","rgb(255,255,255)","rgb(255,255,255)",Green,"rgb(255,255,255)"
ERLSTGKRINSAKDDAAGLAIS,12,12,0,0,72.73,81.82,0,0,12,0,0,0,0,0,5,12,0,0,1,11,0,1,"rgb(255,255,255)","rgb(255,255,255)","rgb(76, 125, 190)","rgb(255,255,255)","rgb(255,255,255)","rgb(255,255,255)","rgb(255,255,255)"
NHVSSGYRIETASDNAAYWSIA,1,0,0,1,45.45,45.45,1,0,0,0,0,0,0,0,1,1,0,0,1,0,0,0,"rgb(148, 238, 233)","rgb(255,255,255)","rgb(255,255,255)","rgb(255,255,255)","rgb(255,255,255)","rgb(255,255,255)","rgb(255,255,255)"
DRLSSGKRINNASDDAAGLAIA,1,0,1,0,72.73,72.73,0,0,0,0,0,1,0,0,0,1,0,0,1,0,0,0,"rgb(255,255,255)","rgb(255,255,255)","rgb(255,255,255)","rgb(255,255,255)","rgb(255,255,255)",Green,"rgb(255,255,255)"
EKLASGLRINRAGDDAAGLAIS,3,0,3,0,63.64,59.09,0,0,0,0,0,3,0,0,1,3,0,0,0,2,1,0,"rgb(255,255,255)","rgb(255,255,255)","rgb(255,255,255)","rgb(255,255,255)","rgb(255,255,255)",Green,"rgb(255,255,255)"
DRVSSGYKVAQASDNVAYWSIS,1,0,0,1,40.91,31.82,1,0,0,0,0,0,0,0,1,1,0,0,0,1,0,0,"rgb(148, 238, 233)","rgb(255,255,255)","rgb(255,255,255)","rgb(255,255,255)","rgb(255,255,255)","rgb(255,255,255)","rgb(255,255,255)"
ERLSSGLRINSAKDDAAGQAIA,1,1,0,0,81.82,77.27,0,0,0,0,1,0,0,0,0,1,0,0,0,1,0,0,"rgb(255,255,255)","rgb(255,255,255)","rgb(255,255,255)","rgb(255,255,255)",Red,"rgb(255,255,255)","rgb(255,255,255)"
RHISTGLAISSPKDNPAVWAIA,1,0,0,1,45.45,45.45,0,1,0,0,0,0,0,0,0,1,0,0,1,0,0,0,"rgb(255,255,255)",Blue,"rgb(255,255,255)","rgb(255,255,255)","rgb(255,255,255)","rgb(255,255,255)","rgb(255,255,255)"
NVVTTGMRISEAADNAAYWSIA,1,0,0,1,36.36,45.45,1,0,0,0,0,0,0,0,0,1,0,0,1,0,0,0,"rgb(148, 238, 233)","rgb(255,255,255)","rgb(255,255,255)","rgb(255,255,255)","rgb(255,255,255)","rgb(255,255,255)","rgb(255,255,255)"
ARISTGYRVAEAMDNAAYWSIA,1,0,0,1,40.91,50,1,0,0,0,0,0,0,0,1,1,0,0,1,0,0,0,"rgb(148, 238, 233)","rgb(255,255,255)","rgb(255,255,255)","rgb(255,255,255)","rgb(255,255,255)","rgb(255,255,255)","rgb(255,255,255)"
QRINTGKKIGNAKDNGAIWAMA,1,0,0,1,40.91,45.45,0,1,0,0,0,0,0,0,0,1,0,0,1,0,0,1,"rgb(255,255,255)",Blue,"rgb(255,255,255)","rgb(255,255,255)","rgb(255,255,255)","rgb(255,255,255)","rgb(255,255,255)"