PeptideSequence,PeptideID,Synthesis_location,Alternate_ID,ROS-Zscore,SGI-Zscore,fdr_pvalue,Clade
ERLSTGKRINSAKDDAAGLAIA,17,GMI,NA,5.293006745,-3.366025624,5.52E-31,1
NRISTGMKVSSAKDNGAIFAIA,20,GMI,NA,-2.488540185,1.1239902,4.32E-06,3
NRISTGLKVSSAKDNGAIFAIA,59,GMI,NA,-1.981918474,0.376616203,0.394662596,3
SRISTGQKVSSAADNAAYWSIA,83,GMI,NA,-3.167831304,1.005061709,0.006205137,3
EKLSSGFRINRAADDAAGLAIS,94,GMI,NA,3.602624999,-0.376858768,0.334350529,2
QRINTGKKISNAKDNGAIWSMA,99,GMI,NA,-2.84222944,-0.545793539,0.211684779,3
QRINTGKKVGNAKDNGAIWAMA,102,GMI,NA,-2.350956527,-0.779822177,0.061401319,3
SRINTGLKVASTKDDSASYTIA,108,GMI,5009,-1.588906,-0.527993966,0.215746394,3
QRINTGKKVGNAKDNGAIWAIA,118,GMI,NA,-2.061138215,-0.200369419,0.665783655,3
SRINTGLAISSAKDNAAVWSIA,133,GMI,NA,-1.984722575,-0.446893011,0.312093402,3
GRISTGYRVATASDNAAYWSIA,146,GMI,NA,-2.961116097,0.303253941,0.448649885,3
DRISSGLKVGSASDNAAYWSIA,154,GMI,NA,-2.277771947,1.055778608,0.003900047,3
SRINTGLNVSSTKDDSASYTIA,161,GMI&GenScript,5011,-0.744824629,-0.722300952,0.037092602,3
ERLSSGKRINSAKDDAAGMAIA,166,GMI,NA,5.548189773,-1.913687554,1.21E-10,1
QQVSSGKRVETAADDATYWSFA,204,GMI,NA,-3.082002491,-0.78529267,0.03775908,3
ERISSGYRVQTAADNAAYWSIA,218,GMI,NA,-1.751172766,1.186540602,1.73E-06,3
AKLSSGLRINTAADDAAGLTVS,236,GMI,NA,0.003233722,1.560538045,6.34E-10,2
DRVSSGQRVGEASDNAAYWSIA,253,GMI,NA,-1.572261818,1.124159568,4.16E-06,3
SRINTGLDVNSTKDDSARYTIA,255,GMI,NA,-2.297139041,-0.290929798,0.508092877,3
ARLSSGKRINSAKDDAAGLAIA,264,GMI,NA,7.088513248,-2.190060697,5.34E-13,1
EKLSSGLRINRAADDAAGLAIS,289,GMI,NA,4.204316273,-0.934446049,0.003248079,2
ERLSSGLRINKAADDAAGLAIS,295,GMI,NA,4.393882378,-1.394847159,7.11E-06,2
GRISTGLKVGSASDNAAYWSIA,306,GMI,NA,-2.814078021,-0.478170186,0.211839288,3
QRINTGKKISTAKDNGAIWATA,321,GMI,NA,-2.533665538,-0.30491304,0.508092877,3
GRISSGLRVGSASDNAAYWSIA,336,GMI,NA,-2.080116068,0.237143697,0.601685291,3
GQVSSGLRIESADDNAAYWSIA,340,GMI,NA,-1.880966843,-0.143912066,0.717100839,3
DRIATGQRVAQASDNAAYWSIA,359,GMI,NA,-1.583175162,-0.534823707,0.14088176,3
SRISTGYRVNDASDNAAYWSIA,361,GMI,NA,-2.397833043,0.22046582,0.621499948,3
KQISTGLRVEKAADNAAYWSIA,362,GMI,NA,-1.28713627,-0.081618585,0.857346961,3
SRVSSGMRVKTASDNAAYWSIA,373,GMI,NA,-2.054334352,0.71545753,0.071174338,3
NRISSGYRVETAADNAAYWSIA,387,GMI,NA,-1.698687072,0.453601773,0.294940791,3
DRISSGYRVQTAADNAAYWSIA,397,GMI,NA,-2.425226995,0.599125526,0.153268786,3
ERISSGLRVGTAADNAAYWSIA,435,GMI,NA,-1.736830593,-0.320608349,0.489595073,3
NRISTGLRISEASDNASYWSIA,445,GMI,NA,-2.443921472,-0.24536052,0.601586554,3
DRISSGYRVGNASDNAAYWSIA,447,GMI,NA,-2.830338699,0.003148498,0.997984268,3
QRINTGKKVGTAKDNGAIWAMA,457,GMI,NA,-1.911893312,-0.288116424,0.511114541,3
ARVSSGMRVQTAADNAAYWSIA,459,GMI,NA,-2.048298115,0.501144035,0.244514489,3
GRVSSGLRVETAADNAAYWSIA,467,GMI,NA,-1.808971178,0.515863562,0.231502319,3
EKLSTGLRINRAADDAAGLSIS,468,GMI,NA,4.648145855,-0.145986993,0.743751473,2
EKLSSGLRINRAADDAAGLSIS,470,GMI,NA,5.475206897,-0.063263397,0.862462378,2
QRLGSGMRINSAKDDAAGLAIS,1042,GMI,NA,2.912851197,-1.678748027,1.00E-08,1
QRLSSGLRINSAKDDAAGLAIS,1090,GMI,NA,6.61297847,-1.869160863,3.25E-08,1
ERLSSGMKINSAKDDAAGLAIS,1128,GMI,NA,4.854030143,-1.658640242,1.04E-06,1
NRINTGKSVSSAKDNGSIWAIA,1173,Apeptide,NA,-6.125717328,-0.592222503,0.154454883,3
ERLSSGMRINSAKDDAAGLAIS,1184,GMI,NA,3.904749758,-1.47416942,1.35E-05,1
QRLSTGLRVNSAKDDAAAYAVA,1186,GMI&Apeptide&GenScript,NA,-1.241072376,-0.286671035,0.462624406,1
TRLSSGLRINSAKDDAAGLQIA,1195,GMI,NA,8.007188991,-1.910699819,4.42E-11,1
EKLSSGLRINSASDDAAGLAIS,1213,GMI,NA,4.593992364,-0.50901501,0.154454883,2
TRLSSGKRINSAADDAAGLAIS,1256,Apeptide,NA,1.880725386,-0.983287512,0.00778637,1
NRVSTGQRVSTASDNAAYWSIA,1288,Apeptide,NA,-4.334828667,-0.623981615,0.133865295,3
EKLSSGLKINRAGDDAAGLAIS,1291,Apeptide,NA,0.65540504,-0.575203059,0.167361485,2
EKLSSGLRINRAADDAAGLAVS,1294,GMI,NA,0.60402162,0.794658574,0.001049135,2
NRVSTGLKVGSAKDNGAIYAIA,1297,GMI,NA,-2.863929636,0.181652793,0.645573402,3
ERLSSGMRINSAKDDAAGQAIA,1329,GMI,NA,0.053434509,-0.813765196,0.03775908,1
EKLSSGFRINRAADDAAGLSIS,1391,GMI,NA,4.54108906,1.045845913,0.00096012,2
QRLSTGLRVNSAQDDAAAYAVA,1410,GMI&Apeptide,NA,-3.937684886,-0.2995444,0.508092877,1
EKLSSGLRINRAGDDAAGLAIS,1471,GMI,NA,3.472763109,-0.343345359,0.312093402,2
QRLSSGLRINTAKDDAAGLAIS,1477,GMI,NA,6.590590083,-0.494501524,0.12716859,1
DVITTGMRISEAADNAAYWSIA,1485,Apeptide,NA,-5.067594262,-0.149435928,0.730270462,3
EKLASGLRINRAGDDAAGLSIS,1544,GMI,NA,2.047812781,-0.50584208,0.154454883,2
QITSSGLKIGKAADNAGYWSTA,1584,Apeptide&GMI,NA,-7.284689599,-0.136421527,0.751588849,3
TRLSTGFRINSAMDDAAGLQIA,1633,Apeptide,NA,2.919258449,0.096521892,0.83433463,1
EKLSSGYRINRAADDAAGLSIS,1635,GMI,NA,4.365137786,-0.314995563,0.417621164,2
DVISTGLKIAGASDNAAYWAIA,1665,Apeptide,NA,-4.797879852,-0.232539698,0.619970972,3
NRLSSGKSINSAADDAAGLAIA,1666,Apeptide,NA,2.302117218,-1.988707816,4.79E-09,2
QRLSSGLRINSAKDDAAGQAIA,1667,Apeptide,NA,3.151955328,-1.189256815,0.000876988,1
GQVSTGLRISEASHNAAYWSIA,1722,Apeptide,NA,-4.706123452,0.163079969,0.717100839,3
ARVSSGYRVETAADNAAYWSIS,1780,Apeptide,NA,-4.519705841,-0.175410911,0.71275257,3
NRVSTGQRVSNASDNAAYWSIA,1809,Apeptide,NA,-3.401657897,-0.042746445,0.920505097,3
EKLSSGLNINRAADDAAGMSIS,1810,GMI,NA,4.765329593,-1.766491916,2.45E-09,2
ERLSSGNRINSAKDDAAGLAIS,1814,GMI,NA,3.730410546,-1.964217916,1.93E-16,1
QRLSSGLKINSAKDDAAGLQIS,1843,GMI,NA,6.991999929,-1.949048037,2.35E-10,1
EKLSSGLRINSAADDAAGLSIS,1857,Apeptide,NA,4.01736156,0.050176947,0.862462378,2
AMVSSGYRISTATDNAAYWSIS,1863,Apeptide,NA,-2.786524411,-0.505303774,0.222309504,3
EKLSTGLRINRAGDDAAGLSIS,1877,GMI,NA,2.249406487,-0.810704864,0.013709556,2
QRLSSGLRVNSAKDDAAGLAIA,1939,Apeptide,NA,3.603335063,-1.100912517,0.002505408,1
QRLGTGFRINSAADDAAGLQIA,1943,GMI,NA,4.586617062,-0.231743523,0.508092877,1
NRISTGLKIGEAKDNAAYWAIS,1949,Apeptide&GenScript,NA,-4.139952329,-0.428582933,0.312093402,3
SRVNTGLKVQGARDNAAVWAVA,1952,GMI,NA,-2.260089983,-0.000712526,0.997984268,3
SRLSSGMRINSAKDDAAGLAIS,1983,GMI,NA,6.221189735,-1.988952962,7.72E-09,1
GQLNSGLRIQTAADNAAYWSIS,2001,Apeptide&GMI,NA,-3.664348276,-0.303888101,0.508092877,3
GRVSSGLKVGVAADNAAYWSIA,2002,Apeptide,NA,-4.129959544,0.286246883,0.511114541,3
NRVSSGYKVSQASDNVAYWSIS,2003,Apeptide,NA,-4.389282322,-0.407425758,0.364917186,3
DRVSSGEKVGKAADNVAYWSIS,2004,Apeptide,NA,-5.013810815,-0.19511366,0.666620114,3
SSVSSGLRVGQASDNVAYWSIS,2005,Apeptide,NA,-5.314803964,-0.164329752,0.717100839,3
NTVSTGLKVSSAKDNVAYWSIS,2006,Apeptide,NA,-4.437271121,-0.266357113,0.556810449,3
RQVSTGLRVERASDNGAYWAIS,2007,Apeptide,NA,-5.832871504,-0.096023696,0.83433463,3
GEVSSGLRVQNAQDNAAYWSIA,2008,Apeptide&GMI,NA,-4.634008219,-0.436178564,0.312093402,3
QRLSTGLRVEQAADNAAYWSIA,2009,Apeptide&GMI,NA,-5.151567982,-0.462585056,0.286547063,3
GNVSSGYRVAEAKDNAAYWSIA,2010,Apeptide,NA,-4.573300663,-0.40785657,0.358360163,3
NHVATGLRVATAADNAAYWSIA,2011,Apeptide&GMI,NA,-3.91307489,-0.456103008,0.286547063,3
DRVSSGLRVGEASDNAAYWSIA,2012,Apeptide&GMI,NA,-5.191763404,-0.379178876,0.388690515,3
SRINTGLKVASTKDDSASYTIA,5009,Apeptide,108,-2.231280507,0.133773455,0.754799035,3
GRISTGLSVASTKDDSSSYVIA,5010,Apeptide,NA,-1.950236945,0.226069013,0.618088238,3
SRINTGLNVSSTKDDSASYTIA,5011,Apeptide,161,-2.074593679,0.155950904,0.717100839,3
SRINSGLNVASTKDDSAAFTIA,5012,Apeptide,NA,-2.282914386,0.024057948,0.958078243,3
TRLSSGLKINSAKDDAAGMQIA,5013,Apeptide,NA,3.670873321,-1.311582294,0.000308889,1
ARLSSGARIGGASDDPAGQALA,5014,Apeptide,NA,-2.251736346,0.577899599,0.154454883,1
ARLSSGTSIASAADDPAGQAIT,5015,Apeptide,NA,-2.15542438,0.358183755,0.419076044,1
QRLSTGSRINSAKDDAAGLQIA,Pa,GMI&Apeptide&GenScript,NA,6.520828386,-2.846029278,1.74E-115,control
QRLSTGSRINSAKDDAAGLQ,Pa20,GMI&Apeptide&GenScript,NA,-2.451551165,-0.358007944,0.013709556,control
TRLSSGLKINSAKDDAAGLQIA,Pta,GMI&Apeptide&GenScript,NA,6.39141625,-1.872072143,1.11E-36,1
TRLSSGLKINSAKADAAGLQIA,PtaDA,GMI&Apeptide&GenScript,NA,-0.097539161,-0.35951276,0.00778637,control